Price,Close,High,Low,Open,Volume
Ticker,AAPL,AAPL,AAPL,AAPL,AAPL
Datetime,,,,,
2025-06-11 13:30:00+00:00,203.98500061035156,204.11990356445312,202.8699951171875,203.47000122070312,2668230
2025-06-11 13:35:00+00:00,203.25,204.5,203.10000610351562,203.9949951171875,1295408
2025-06-11 13:40:00+00:00,202.72999572753906,203.25999450683594,202.55380249023438,203.24000549316406,936439
2025-06-11 13:45:00+00:00,202.6199951171875,203.00999450683594,202.5050048828125,202.72999572753906,898421
2025-06-11 13:50:00+00:00,202.7333984375,202.9949951171875,202.5,202.64999389648438,686628
2025-06-11 13:55:00+00:00,202.7801055908203,202.9499969482422,202.65899658203125,202.72000122070312,484043
2025-06-11 14:00:00+00:00,202.6699981689453,203.0,202.47999572753906,202.8000030517578,635738
2025-06-11 14:05:00+00:00,202.57000732421875,202.9499969482422,202.3300018310547,202.66000366210938,540834
2025-06-11 14:10:00+00:00,202.76499938964844,202.85000610351562,202.50999450683594,202.5800018310547,520791
2025-06-11 14:15:00+00:00,202.58999633789062,202.77499389648438,202.46009826660156,202.76499938964844,430138
2025-06-11 14:20:00+00:00,202.77999877929688,202.8800048828125,202.55999755859375,202.58999633789062,584347
2025-06-11 14:25:00+00:00,202.76010131835938,203.02999877929688,202.72000122070312,202.77000427246094,705952
2025-06-11 14:30:00+00:00,202.63999938964844,202.77000427246094,202.55999755859375,202.75999450683594,328627
2025-06-11 14:35:00+00:00,202.38999938964844,202.77000427246094,202.35000610351562,202.72999572753906,584670
2025-06-11 14:40:00+00:00,202.03770446777344,202.4398956298828,201.91000366210938,202.3887939453125,787071
2025-06-11 14:45:00+00:00,202.07989501953125,202.3000030517578,201.9949951171875,202.02000427246094,578515
2025-06-11 14:50:00+00:00,202.07989501953125,202.2200927734375,202.02999877929688,202.07000732421875,390249
2025-06-11 14:55:00+00:00,202.1898956298828,202.36000061035156,202.1699981689453,202.2899932861328,428659
2025-06-11 15:00:00+00:00,201.9552001953125,202.18479919433594,201.93040466308594,202.125,660398
2025-06-11 15:05:00+00:00,201.55880737304688,201.9600067138672,201.52999877929688,201.9499969482422,461450
2025-06-11 15:10:00+00:00,201.08999633789062,201.44000244140625,201.00999450683594,201.3300018310547,1434684
2025-06-11 15:15:00+00:00,201.59300231933594,201.65870666503906,201.0749969482422,201.10000610351562,667113
2025-06-11 15:20:00+00:00,201.48789978027344,201.6999969482422,201.44500732421875,201.5800018310547,295204
2025-06-11 15:25:00+00:00,200.94000244140625,201.1999969482422,200.91000366210938,201.1699981689453,616664
2025-06-11 15:30:00+00:00,200.91900634765625,201.02850341796875,200.83999633789062,200.89500427246094,723306
2025-06-11 15:35:00+00:00,201.01100158691406,201.14999389648438,200.91000366210938,200.92999267578125,482166
2025-06-11 15:40:00+00:00,200.9051971435547,201.1699981689453,200.88499450683594,201.0,449952
2025-06-11 15:45:00+00:00,200.82000732421875,201.05999755859375,200.6199951171875,200.89999389648438,712005
2025-06-11 15:50:00+00:00,201.1011962890625,201.14999389648438,200.6699981689453,200.80999755859375,485563
2025-06-11 15:55:00+00:00,200.74000549316406,201.1199951171875,200.6999969482422,201.1199951171875,428863
2025-06-11 16:00:00+00:00,200.5330047607422,200.75999450683594,200.46499633789062,200.72999572753906,2646635
2025-06-11 16:05:00+00:00,200.04989624023438,200.55999755859375,200.02999877929688,200.52999877929688,889769
2025-06-11 16:10:00+00:00,200.2100067138672,200.25,199.75,200.0399932861328,1298442
2025-06-11 16:15:00+00:00,199.99000549316406,200.2299041748047,199.72999572753906,200.2100067138672,751284
2025-06-11 16:20:00+00:00,199.75,200.05999755859375,199.65960693359375,200.0,648825
2025-06-11 16:25:00+00:00,200.2071075439453,200.24989318847656,199.69000244140625,199.75999450683594,715476
2025-06-11 16:30:00+00:00,200.24000549316406,200.5800018310547,200.18499755859375,200.19070434570312,1923395
2025-06-11 16:35:00+00:00,200.3699951171875,200.49000549316406,200.22999572753906,200.22999572753906,382749
2025-06-11 16:40:00+00:00,200.4499969482422,200.52870178222656,200.3300018310547,200.3699951171875,284820
2025-06-11 16:45:00+00:00,200.77000427246094,200.83999633789062,200.43499755859375,200.4600067138672,444486
2025-06-11 16:50:00+00:00,200.6501007080078,200.8188018798828,200.61000061035156,200.77499389648438,360291
2025-06-11 16:55:00+00:00,200.66000366210938,200.69000244140625,200.42999267578125,200.6761016845703,322136
2025-06-11 17:00:00+00:00,200.8800048828125,200.97999572753906,200.55999755859375,200.64999389648438,351394
2025-06-11 17:05:00+00:00,201.10000610351562,201.10000610351562,200.8000030517578,200.88499450683594,331642
2025-06-11 17:10:00+00:00,201.08590698242188,201.2364959716797,201.0,201.091796875,378561
2025-06-11 17:15:00+00:00,201.1199951171875,201.17999267578125,200.97000122070312,201.0800018310547,245886
2025-06-11 17:20:00+00:00,201.00880432128906,201.14999389648438,200.92999267578125,201.139892578125,331743
2025-06-11 17:25:00+00:00,200.91000366210938,201.10000610351562,200.875,201.00999450683594,472156
2025-06-11 17:30:00+00:00,200.57000732421875,200.98500061035156,200.56500244140625,200.90499877929688,426418
2025-06-11 17:35:00+00:00,200.52999877929688,200.66000366210938,200.3699951171875,200.5800018310547,585609
2025-06-11 17:40:00+00:00,200.33999633789062,200.6300048828125,200.25,200.5399932861328,386945
2025-06-11 17:45:00+00:00,199.89999389648438,200.36000061035156,199.8800048828125,200.3300018310547,506481
2025-06-11 17:50:00+00:00,199.8800048828125,200.02000427246094,199.80999755859375,199.89500427246094,400849
2025-06-11 17:55:00+00:00,199.90499877929688,200.0218048095703,199.85000610351562,199.89500427246094,318915
2025-06-11 18:00:00+00:00,199.42999267578125,200.0,199.11000061035156,199.91000366210938,916832
2025-06-11 18:05:00+00:00,199.60499572753906,199.6699981689453,199.1999969482422,199.3800048828125,581672
2025-06-11 18:10:00+00:00,199.10000610351562,199.60000610351562,199.08999633789062,199.60000610351562,514298
2025-06-11 18:15:00+00:00,199.11000061035156,199.2100067138672,198.7100067138672,199.08999633789062,828771
2025-06-11 18:20:00+00:00,199.17930603027344,199.32000732421875,198.94000244140625,199.11000061035156,467057
2025-06-11 18:25:00+00:00,199.23919677734375,199.3699951171875,199.11000061035156,199.18499755859375,394466
2025-06-11 18:30:00+00:00,199.33009338378906,199.389892578125,198.76499938964844,199.22000122070312,791983
2025-06-11 18:35:00+00:00,199.53500366210938,199.60000610351562,199.22999572753906,199.3300018310547,375991
2025-06-11 18:40:00+00:00,199.52000427246094,199.60000610351562,199.36000061035156,199.52999877929688,310846
2025-06-11 18:45:00+00:00,199.55999755859375,199.5800018310547,199.42999267578125,199.52000427246094,324051
2025-06-11 18:50:00+00:00,199.1999969482422,199.535400390625,199.10000610351562,199.52999877929688,463253
2025-06-11 18:55:00+00:00,199.06520080566406,199.2552032470703,198.97999572753906,199.1999969482422,809197
2025-06-11 19:00:00+00:00,198.97500610351562,199.08999633789062,198.75,199.0800018310547,557521
2025-06-11 19:05:00+00:00,199.09500122070312,199.125,198.88999938964844,198.97000122070312,512647
2025-06-11 19:10:00+00:00,198.99000549316406,199.36109924316406,198.9600067138672,199.08999633789062,593008
2025-06-11 19:15:00+00:00,198.6298065185547,199.05979919433594,198.6199951171875,198.99000549316406,711074
2025-06-11 19:20:00+00:00,199.16000366210938,199.2100067138672,198.6199951171875,198.6396942138672,447949
2025-06-11 19:25:00+00:00,198.97999572753906,199.22999572753906,198.83099365234375,199.14999389648438,611793
2025-06-11 19:30:00+00:00,198.72999572753906,199.125,198.72500610351562,198.9499969482422,510344
2025-06-11 19:35:00+00:00,198.8000030517578,198.89999389648438,198.60000610351562,198.75,542315
2025-06-11 19:40:00+00:00,198.9600067138672,199.0699005126953,198.75,198.8000030517578,450111
2025-06-11 19:45:00+00:00,198.80999755859375,199.05999755859375,198.74000549316406,198.9600067138672,554367
2025-06-11 19:50:00+00:00,198.57000732421875,198.94000244140625,198.44500732421875,198.80999755859375,1348308
2025-06-11 19:55:00+00:00,198.85000610351562,198.8699951171875,198.41000366210938,198.5800018310547,2679704
2025-06-12 13:30:00+00:00,198.05999755859375,199.38999938964844,197.8800048828125,199.0800018310547,2795718
2025-06-12 13:35:00+00:00,198.31500244140625,198.5991973876953,197.91000366210938,198.0800018310547,1044359
2025-06-12 13:40:00+00:00,197.8699951171875,198.57000732421875,197.73959350585938,198.3000030517578,1026757
2025-06-12 13:45:00+00:00,198.00999450683594,198.25999450683594,197.82000732421875,197.8699951171875,720038
2025-06-12 13:50:00+00:00,198.19000244140625,198.24000549316406,197.89999389648438,198.0,597742
2025-06-12 13:55:00+00:00,197.94000244140625,198.2100067138672,197.74000549316406,198.17999267578125,631257
2025-06-12 14:00:00+00:00,197.6999969482422,198.77999877929688,197.4949951171875,197.9250030517578,742489
2025-06-12 14:05:00+00:00,198.25079345703125,198.77999877929688,197.360107421875,198.77999877929688,941890
2025-06-12 14:10:00+00:00,198.25999450683594,198.4290008544922,198.10000610351562,198.25,610071
2025-06-12 14:15:00+00:00,198.32989501953125,198.5399932861328,198.22000122070312,198.2698974609375,568868
2025-06-12 14:20:00+00:00,198.27999877929688,198.52999877929688,198.16000366210938,198.32989501953125,465089
2025-06-12 14:25:00+00:00,198.0666961669922,198.41000366210938,197.96009826660156,198.32000732421875,444039
2025-06-12 14:30:00+00:00,198.28500366210938,198.3690948486328,198.00999450683594,198.0800018310547,422601
2025-06-12 14:35:00+00:00,198.39999389648438,198.50880432128906,198.15499877929688,198.27999877929688,422486
2025-06-12 14:40:00+00:00,198.3300018310547,198.47000122070312,198.21499633789062,198.38999938964844,351777
2025-06-12 14:45:00+00:00,198.50999450683594,198.5800018310547,198.3300018310547,198.3300018310547,330596
2025-06-12 14:50:00+00:00,198.30999755859375,198.55999755859375,198.22999572753906,198.52000427246094,366862
2025-06-12 14:55:00+00:00,198.27879333496094,198.42999267578125,198.17999267578125,198.30999755859375,468494
2025-06-12 15:00:00+00:00,198.6300048828125,198.6699981689453,198.24049377441406,198.25999450683594,461128
2025-06-12 15:05:00+00:00,198.82679748535156,198.9250030517578,198.58999633789062,198.6199951171875,572623
2025-06-12 15:10:00+00:00,198.85000610351562,198.9199981689453,198.52999877929688,198.81500244140625,451047
2025-06-12 15:15:00+00:00,198.55499267578125,198.8800048828125,198.40499877929688,198.85499572753906,390779
2025-06-12 15:20:00+00:00,198.18040466308594,198.61000061035156,198.1199951171875,198.57000732421875,538085
2025-06-12 15:25:00+00:00,198.14999389648438,198.24000549316406,197.86270141601562,198.17999267578125,548080
2025-06-12 15:30:00+00:00,198.0800018310547,198.1999969482422,198.00999450683594,198.13369750976562,292692
2025-06-12 15:35:00+00:00,197.77999877929688,198.1699981689453,197.7550048828125,198.08999633789062,368878
2025-06-12 15:40:00+00:00,197.99000549316406,198.09500122070312,197.7729949951172,197.7729949951172,276167
2025-06-12 15:45:00+00:00,198.1300048828125,198.16549682617188,197.83999633789062,197.99000549316406,333894
2025-06-12 15:50:00+00:00,197.9998016357422,198.13999938964844,197.88999938964844,198.11000061035156,341356
2025-06-12 15:55:00+00:00,198.3000030517578,198.3278045654297,197.99000549316406,197.99249267578125,372615
2025-06-12 16:00:00+00:00,198.30999755859375,198.54640197753906,198.14999389648438,198.30979919433594,383766
2025-06-12 16:05:00+00:00,198.35499572753906,198.38619995117188,198.0800018310547,198.32000732421875,392237
2025-06-12 16:10:00+00:00,198.3699951171875,198.58999633789062,198.3000030517578,198.3800048828125,294380
2025-06-12 16:15:00+00:00,198.38510131835938,198.52999877929688,198.33999633789062,198.3769073486328,194467
2025-06-12 16:20:00+00:00,198.24429321289062,198.47999572753906,198.13999938964844,198.39999389648438,191981
2025-06-12 16:25:00+00:00,198.58999633789062,198.63999938964844,198.22999572753906,198.22999572753906,324838
2025-06-12 16:30:00+00:00,198.46620178222656,198.6699981689453,198.2100067138672,198.5800018310547,410918
2025-06-12 16:35:00+00:00,198.85000610351562,198.89999389648438,198.4738006591797,198.4738006591797,364845
2025-06-12 16:40:00+00:00,198.75999450683594,198.97000122070312,198.7100067138672,198.8697967529297,363484
2025-06-12 16:45:00+00:00,198.72999572753906,198.9250030517578,198.69000244140625,198.75999450683594,292555
2025-06-12 16:50:00+00:00,198.5500030517578,198.8300018310547,198.50999450683594,198.72999572753906,243669
2025-06-12 16:55:00+00:00,198.5625,198.64500427246094,198.4595947265625,198.5399932861328,308220
2025-06-12 17:00:00+00:00,198.97999572753906,199.10000610351562,198.4600067138672,198.57000732421875,491185
2025-06-12 17:05:00+00:00,198.97999572753906,199.0749969482422,198.86000061035156,198.97000122070312,258378
2025-06-12 17:10:00+00:00,199.22500610351562,199.22500610351562,198.9499969482422,198.9759063720703,361945
2025-06-12 17:15:00+00:00,199.32000732421875,199.44000244140625,199.1699981689453,199.21009826660156,421107
2025-06-12 17:20:00+00:00,199.2449951171875,199.41879272460938,199.22000122070312,199.32000732421875,281698
2025-06-12 17:25:00+00:00,199.25999450683594,199.3699951171875,199.16000366210938,199.24000549316406,382538
2025-06-12 17:30:00+00:00,199.59500122070312,199.67990112304688,199.25,199.25999450683594,377153
2025-06-12 17:35:00+00:00,199.1999969482422,199.64500427246094,199.14999389648438,199.59500122070312,359602
2025-06-12 17:40:00+00:00,199.18499755859375,199.40040588378906,199.16000366210938,199.2100067138672,253791
2025-06-12 17:45:00+00:00,199.039306640625,199.22500610351562,199.00999450683594,199.1999969482422,212421
2025-06-12 17:50:00+00:00,199.14999389648438,199.22000122070312,199.04200744628906,199.0435028076172,212891
2025-06-12 17:55:00+00:00,198.94039916992188,199.15890502929688,198.94039916992188,199.14500427246094,190964
2025-06-12 18:00:00+00:00,198.98399353027344,199.08999633789062,198.92010498046875,198.9600067138672,168510
2025-06-12 18:05:00+00:00,199.0500030517578,199.19000244140625,198.99029541015625,198.9949951171875,189848
2025-06-12 18:10:00+00:00,198.8699951171875,199.1300048828125,198.83999633789062,199.0500030517578,261999
2025-06-12 18:15:00+00:00,198.9199981689453,198.9550018310547,198.77000427246094,198.86000061035156,269587
2025-06-12 18:20:00+00:00,198.89500427246094,199.07000732421875,198.77000427246094,198.9199981689453,352228
2025-06-12 18:25:00+00:00,198.75,198.99000549316406,198.6696014404297,198.90499877929688,478751
2025-06-12 18:30:00+00:00,198.70480346679688,198.7899932861328,198.5449981689453,198.75999450683594,428095
2025-06-12 18:35:00+00:00,198.7949981689453,198.86000061035156,198.61000061035156,198.6999969482422,308196
2025-06-12 18:40:00+00:00,198.77000427246094,198.87989807128906,198.6999969482422,198.7899932861328,167477
2025-06-12 18:45:00+00:00,198.77000427246094,198.85000610351562,198.66000366210938,198.75999450683594,290544
2025-06-12 18:50:00+00:00,198.97000122070312,199.02000427246094,198.7100067138672,198.74000549316406,290194
2025-06-12 18:55:00+00:00,198.98500061035156,199.02999877929688,198.83999633789062,198.97000122070312,233021
2025-06-12 19:00:00+00:00,198.91000366210938,199.06039428710938,198.8699951171875,198.97999572753906,200712
2025-06-12 19:05:00+00:00,198.93919372558594,199.0500030517578,198.88999938964844,198.91000366210938,199845
2025-06-12 19:10:00+00:00,198.8800048828125,199.00999450683594,198.8800048828125,198.94000244140625,253699
2025-06-12 19:15:00+00:00,198.91000366210938,199.0399932861328,198.85040283203125,198.88499450683594,259156
2025-06-12 19:20:00+00:00,198.906005859375,198.96499633789062,198.8699951171875,198.89999389648438,177870
2025-06-12 19:25:00+00:00,198.88499450683594,198.97999572753906,198.82989501953125,198.89999389648438,255669
2025-06-12 19:30:00+00:00,198.88499450683594,198.89999389648438,198.72000122070312,198.8800048828125,268718
2025-06-12 19:35:00+00:00,198.8699951171875,198.89999389648438,198.7899932861328,198.8699951171875,214761
2025-06-12 19:40:00+00:00,198.6199951171875,198.875,198.58740234375,198.8699951171875,331310
2025-06-12 19:45:00+00:00,198.57000732421875,198.625,198.47360229492188,198.6199951171875,320749
2025-06-12 19:50:00+00:00,198.69500732421875,198.72999572753906,198.39999389648438,198.5500030517578,664448
2025-06-12 19:55:00+00:00,199.1999969482422,199.1999969482422,198.7100067138672,198.7100067138672,2010662
2025-06-13 13:30:00+00:00,198.89999389648438,200.3699951171875,198.64500427246094,199.72999572753906,4848028
2025-06-13 13:35:00+00:00,198.27000427246094,199.24000549316406,197.80999755859375,198.88999938964844,1210436
2025-06-13 13:40:00+00:00,197.5,198.2899932861328,197.27000427246094,198.2698974609375,1258742
2025-06-13 13:45:00+00:00,197.38499450683594,197.60000610351562,196.89999389648438,197.52999877929688,1163972
2025-06-13 13:50:00+00:00,196.94039916992188,197.66000366210938,196.89999389648438,197.3800048828125,862739
2025-06-13 13:55:00+00:00,196.89999389648438,197.16000366210938,196.75999450683594,196.9499969482422,795916
2025-06-13 14:00:00+00:00,196.85000610351562,197.3972930908203,196.5800018310547,196.9499969482422,904076
2025-06-13 14:05:00+00:00,196.49000549316406,196.98129272460938,196.46200561523438,196.85000610351562,663504
2025-06-13 14:10:00+00:00,196.23980712890625,196.49729919433594,195.91000366210938,196.49000549316406,1112701
2025-06-13 14:15:00+00:00,196.36000061035156,196.37930297851562,196.0,196.22999572753906,772112
2025-06-13 14:20:00+00:00,196.09060668945312,196.3699951171875,196.0500030517578,196.36990356445312,640270
2025-06-13 14:25:00+00:00,196.15499877929688,196.52999877929688,196.00999450683594,196.0800018310547,605822
2025-06-13 14:30:00+00:00,196.29629516601562,196.52999877929688,195.97999572753906,196.16000366210938,736919
2025-06-13 14:35:00+00:00,196.72999572753906,196.82000732421875,196.16000366210938,196.3000030517578,699430
2025-06-13 14:40:00+00:00,196.64999389648438,197.1699981689453,196.64500427246094,196.72999572753906,616130
2025-06-13 14:45:00+00:00,196.61500549316406,197.02000427246094,196.5800018310547,196.66000366210938,472746
2025-06-13 14:50:00+00:00,197.03500366210938,197.07000732421875,196.39999389648438,196.60000610351562,484819
2025-06-13 14:55:00+00:00,197.11000061035156,197.19979858398438,196.9499969482422,197.02000427246094,458025
2025-06-13 15:00:00+00:00,197.072998046875,197.25,196.97999572753906,197.11000061035156,416093
2025-06-13 15:05:00+00:00,197.2899932861328,197.4409942626953,197.0500030517578,197.07000732421875,451817
2025-06-13 15:10:00+00:00,197.24000549316406,197.3925018310547,197.16000366210938,197.29010009765625,443992
2025-06-13 15:15:00+00:00,197.3419952392578,197.38999938964844,197.1092071533203,197.2375030517578,324021
2025-06-13 15:20:00+00:00,197.44000244140625,197.61000061035156,197.2100067138672,197.30999755859375,420723
2025-06-13 15:25:00+00:00,197.50999450683594,197.63999938964844,197.35000610351562,197.4199981689453,345355
2025-06-13 15:30:00+00:00,197.3701934814453,197.56300354003906,197.33999633789062,197.52000427246094,349005
2025-06-13 15:35:00+00:00,197.47999572753906,197.52999877929688,197.2100067138672,197.38999938964844,339610
2025-06-13 15:40:00+00:00,197.6699981689453,197.6988067626953,197.3928985595703,197.49000549316406,279461
2025-06-13 15:45:00+00:00,197.75079345703125,197.875,197.58999633789062,197.6707000732422,364007
2025-06-13 15:50:00+00:00,197.84120178222656,197.8800048828125,197.63499450683594,197.75999450683594,301466
2025-06-13 15:55:00+00:00,197.6887969970703,197.83999633789062,197.60000610351562,197.83999633789062,341273
2025-06-13 16:00:00+00:00,197.5399932861328,197.72999572753906,197.42999267578125,197.67999267578125,361937
2025-06-13 16:05:00+00:00,197.97000122070312,198.0050048828125,197.50999450683594,197.5399932861328,375418
2025-06-13 16:10:00+00:00,197.9149932861328,198.02999877929688,197.91000366210938,197.97000122070312,309591
2025-06-13 16:15:00+00:00,197.97999572753906,198.04750061035156,197.86000061035156,197.91000366210938,329256
2025-06-13 16:20:00+00:00,197.89999389648438,198.02000427246094,197.86000061035156,197.9788055419922,234618
2025-06-13 16:25:00+00:00,197.27000427246094,197.95860290527344,197.22000122070312,197.88999938964844,492379
2025-06-13 16:30:00+00:00,197.39999389648438,197.42999267578125,197.0800018310547,197.2899932861328,465321
2025-06-13 16:35:00+00:00,197.15499877929688,197.47999572753906,197.15499877929688,197.41000366210938,360766
2025-06-13 16:40:00+00:00,197.17999267578125,197.36570739746094,197.1199951171875,197.14999389648438,289917
2025-06-13 16:45:00+00:00,197.15499877929688,197.3249969482422,197.13999938964844,197.17999267578125,221755
2025-06-13 16:50:00+00:00,197.3800048828125,197.52999877929688,197.13499450683594,197.1649932861328,321684
2025-06-13 16:55:00+00:00,197.4600067138672,197.57000732421875,197.33999633789062,197.35000610351562,247934
2025-06-13 17:00:00+00:00,197.32000732421875,197.47000122070312,197.2899932861328,197.42999267578125,250529
2025-06-13 17:05:00+00:00,197.32000732421875,197.39500427246094,197.27999877929688,197.3300018310547,163779
2025-06-13 17:10:00+00:00,197.27999877929688,197.41000366210938,196.97000122070312,197.3101043701172,491384
2025-06-13 17:15:00+00:00,197.11000061035156,197.26499938964844,196.9199981689453,197.25,279388
2025-06-13 17:20:00+00:00,197.46499633789062,197.52999877929688,197.08999633789062,197.10000610351562,332245
2025-06-13 17:25:00+00:00,197.27000427246094,197.5,197.27000427246094,197.47239685058594,186423
2025-06-13 17:30:00+00:00,197.30999755859375,197.4799041748047,197.22000122070312,197.25,196377
2025-06-13 17:35:00+00:00,197.2899932861328,197.3874053955078,197.1999969482422,197.3300018310547,235861
2025-06-13 17:40:00+00:00,197.44949340820312,197.52000427246094,197.25,197.3000030517578,278358
2025-06-13 17:45:00+00:00,197.3300018310547,197.61000061035156,197.25999450683594,197.44000244140625,195534
2025-06-13 17:50:00+00:00,197.6199951171875,197.7100067138672,197.3000030517578,197.3300018310547,254577
2025-06-13 17:55:00+00:00,197.5399932861328,197.6300048828125,197.49000549316406,197.6199951171875,159627
2025-06-13 18:00:00+00:00,197.1199951171875,197.69000244140625,196.9199981689453,197.5399932861328,426170
2025-06-13 18:05:00+00:00,196.6699981689453,197.3699951171875,196.66000366210938,197.1300048828125,450668
2025-06-13 18:10:00+00:00,196.63999938964844,196.80999755859375,196.5399932861328,196.6699981689453,459331
2025-06-13 18:15:00+00:00,196.74989318847656,196.8000030517578,196.35000610351562,196.63999938964844,576729
2025-06-13 18:20:00+00:00,196.69000244140625,196.83999633789062,196.5399932861328,196.74000549316406,353004
2025-06-13 18:25:00+00:00,196.2779998779297,196.75999450683594,196.22000122070312,196.6999969482422,425851
2025-06-13 18:30:00+00:00,196.05999755859375,196.30999755859375,195.80999755859375,196.25999450683594,1010322
2025-06-13 18:35:00+00:00,195.91990661621094,196.13099670410156,195.82000732421875,196.07000732421875,460620
2025-06-13 18:40:00+00:00,196.10000610351562,196.15469360351562,195.82000732421875,195.91000366210938,432950
2025-06-13 18:45:00+00:00,196.07000732421875,196.27000427246094,196.0301055908203,196.11000061035156,381511
2025-06-13 18:50:00+00:00,196.3800048828125,196.42999267578125,196.02000427246094,196.05999755859375,300672
2025-06-13 18:55:00+00:00,196.46499633789062,196.48500061035156,196.19500732421875,196.36500549316406,318132
2025-06-13 19:00:00+00:00,196.32000732421875,196.63999938964844,196.11000061035156,196.4550018310547,360607
2025-06-13 19:05:00+00:00,196.5800018310547,196.60000610351562,196.2100067138672,196.3300018310547,327079
2025-06-13 19:10:00+00:00,196.49000549316406,196.58999633789062,196.2100067138672,196.5800018310547,323095
2025-06-13 19:15:00+00:00,196.42999267578125,196.5500030517578,196.19000244140625,196.50999450683594,414145
2025-06-13 19:20:00+00:00,196.30999755859375,196.5800018310547,196.26010131835938,196.4199981689453,479504
2025-06-13 19:25:00+00:00,196.22000122070312,196.3529052734375,196.0800018310547,196.30499267578125,357595
2025-06-13 19:30:00+00:00,196.2100067138672,196.38999938964844,196.00999450683594,196.24000549316406,426323
2025-06-13 19:35:00+00:00,196.33999633789062,196.69000244140625,196.12010192871094,196.1999969482422,543410
2025-06-13 19:40:00+00:00,196.0449981689453,196.51620483398438,195.98500061035156,196.33999633789062,530392
2025-06-13 19:45:00+00:00,196.12060546875,196.25,195.77000427246094,196.0399932861328,788248
2025-06-13 19:50:00+00:00,195.99000549316406,196.3300018310547,195.8000030517578,196.13999938964844,1012339
2025-06-13 19:55:00+00:00,196.4499969482422,196.50999450683594,195.81500244140625,195.9600067138672,2356870
2025-06-16 13:30:00+00:00,196.9550018310547,197.83999633789062,196.77000427246094,197.2899932861328,2811788
2025-06-16 13:35:00+00:00,197.4499969482422,197.52000427246094,196.58999633789062,196.94000244140625,1025842
2025-06-16 13:40:00+00:00,197.00999450683594,197.75,196.94000244140625,197.47999572753906,722692
2025-06-16 13:45:00+00:00,197.0800018310547,197.22999572753906,196.5635986328125,196.97999572753906,713611
2025-06-16 13:50:00+00:00,197.38999938964844,197.6999969482422,196.97999572753906,197.0800018310547,781463
2025-06-16 13:55:00+00:00,198.32000732421875,198.35000610351562,197.3607940673828,197.39500427246094,1049591
2025-06-16 14:00:00+00:00,198.29379272460938,198.68499755859375,198.0500030517578,198.33999633789062,734510
2025-06-16 14:05:00+00:00,197.72999572753906,198.33999633789062,197.72999572753906,198.3000030517578,500661
2025-06-16 14:10:00+00:00,197.91000366210938,197.99000549316406,197.63999938964844,197.74000549316406,419455
2025-06-16 14:15:00+00:00,197.94500732421875,197.9550018310547,197.72999572753906,197.9250030517578,404636
2025-06-16 14:20:00+00:00,198.42599487304688,198.52999877929688,197.9499053955078,197.9499053955078,890174
2025-06-16 14:25:00+00:00,198.42999267578125,198.5399932861328,198.09750366210938,198.44500732421875,538483
2025-06-16 14:30:00+00:00,198.36000061035156,198.66000366210938,198.17999267578125,198.43499755859375,624514
2025-06-16 14:35:00+00:00,198.25669860839844,198.52000427246094,198.2100067138672,198.35499572753906,405460
2025-06-16 14:40:00+00:00,198.30999755859375,198.31300354003906,198.0399932861328,198.27999877929688,374450
2025-06-16 14:45:00+00:00,198.3000030517578,198.39999389648438,198.25,198.31500244140625,305355
2025-06-16 14:50:00+00:00,198.04989624023438,198.29539489746094,198.02000427246094,198.29539489746094,282729
2025-06-16 14:55:00+00:00,198.22000122070312,198.35000610351562,198.00999450683594,198.0399932861328,456791
2025-06-16 15:00:00+00:00,197.88999938964844,198.22500610351562,197.83999633789062,198.22500610351562,528568
2025-06-16 15:05:00+00:00,197.77999877929688,197.9149932861328,197.63999938964844,197.89999389648438,399130
2025-06-16 15:10:00+00:00,197.8000030517578,197.88999938964844,197.6199951171875,197.78500366210938,398767
2025-06-16 15:15:00+00:00,197.77879333496094,197.85000610351562,197.52999877929688,197.76499938964844,394041
2025-06-16 15:20:00+00:00,197.47999572753906,197.7998046875,197.33999633789062,197.77000427246094,458365
2025-06-16 15:25:00+00:00,197.31500244140625,197.5236053466797,197.1649932861328,197.48599243164062,462844
2025-06-16 15:30:00+00:00,197.27499389648438,197.49000549316406,197.2100067138672,197.30999755859375,359792
2025-06-16 15:35:00+00:00,197.02999877929688,197.27000427246094,197.0189971923828,197.27000427246094,393094
2025-06-16 15:40:00+00:00,197.16000366210938,197.25999450683594,196.9199981689453,197.03990173339844,637655
2025-06-16 15:45:00+00:00,197.38999938964844,197.38999938964844,197.05999755859375,197.14999389648438,330482
2025-06-16 15:50:00+00:00,197.16000366210938,197.41000366210938,197.13499450683594,197.3800048828125,296094
2025-06-16 15:55:00+00:00,197.36990356445312,197.4199981689453,196.875,197.13499450683594,613819
2025-06-16 16:00:00+00:00,197.38999938964844,197.42999267578125,197.22000122070312,197.36500549316406,257923
2025-06-16 16:05:00+00:00,197.22999572753906,197.4185028076172,197.1699981689453,197.39999389648438,219619
2025-06-16 16:10:00+00:00,197.34500122070312,197.4199981689453,197.1699981689453,197.24000549316406,322543
2025-06-16 16:15:00+00:00,197.375,197.6300048828125,197.2899932861328,197.3300018310547,318599
2025-06-16 16:20:00+00:00,197.1199951171875,197.40499877929688,197.07000732421875,197.3798065185547,280054
2025-06-16 16:25:00+00:00,197.0800018310547,197.16000366210938,197.02000427246094,197.11000061035156,240005
2025-06-16 16:30:00+00:00,197.1999969482422,197.23989868164062,197.02000427246094,197.0800018310547,212891
2025-06-16 16:35:00+00:00,197.36000061035156,197.39500427246094,197.13999938964844,197.1999969482422,217693
2025-06-16 16:40:00+00:00,197.24000549316406,197.41000366210938,197.22999572753906,197.3699951171875,215114
2025-06-16 16:45:00+00:00,197.4199981689453,197.47999572753906,197.17999267578125,197.2476043701172,213948
2025-06-16 16:50:00+00:00,197.5449981689453,197.60000610351562,197.41000366210938,197.43499755859375,190213
2025-06-16 16:55:00+00:00,197.52000427246094,197.57000732421875,197.42999267578125,197.5498046875,171434
2025-06-16 17:00:00+00:00,197.4001007080078,197.52999877929688,197.33999633789062,197.50999450683594,180867
2025-06-16 17:05:00+00:00,197.41000366210938,197.42010498046875,197.3300018310547,197.41000366210938,152612
2025-06-16 17:10:00+00:00,197.49000549316406,197.55999755859375,197.38999938964844,197.41000366210938,275678
2025-06-16 17:15:00+00:00,197.7198944091797,197.72999572753906,197.47000122070312,197.49000549316406,256922
2025-06-16 17:20:00+00:00,197.74000549316406,197.82000732421875,197.5500030517578,197.71240234375,284379
2025-06-16 17:25:00+00:00,197.875,197.9550018310547,197.64999389648438,197.74000549316406,306629
2025-06-16 17:30:00+00:00,197.9788055419922,198.08999633789062,197.86000061035156,197.88499450683594,401702
2025-06-16 17:35:00+00:00,197.9779052734375,198.13999938964844,197.93499755859375,197.97999572753906,317433
2025-06-16 17:40:00+00:00,198.0399932861328,198.1300048828125,197.9199981689453,197.97000122070312,242574
2025-06-16 17:45:00+00:00,198.09500122070312,198.19000244140625,198.0399932861328,198.0572967529297,382755
2025-06-16 17:50:00+00:00,197.94000244140625,198.1699981689453,197.94000244140625,198.08999633789062,274638
2025-06-16 17:55:00+00:00,197.83999633789062,198.0198974609375,197.77000427246094,197.93499755859375,334740
2025-06-16 18:00:00+00:00,198.0699005126953,198.0800018310547,197.8249969482422,197.86000061035156,289815
2025-06-16 18:05:00+00:00,197.9550018310547,198.1298065185547,197.92999267578125,198.06500244140625,178985
2025-06-16 18:10:00+00:00,198.0,198.0200958251953,197.88999938964844,197.9499969482422,175759
2025-06-16 18:15:00+00:00,197.89500427246094,198.02000427246094,197.875,198.0,215579
2025-06-16 18:20:00+00:00,197.9199981689453,197.9499969482422,197.82000732421875,197.88999938964844,204224
2025-06-16 18:25:00+00:00,197.9886932373047,198.0142059326172,197.80999755859375,197.9149932861328,182621
2025-06-16 18:30:00+00:00,197.9499969482422,198.02000427246094,197.86000061035156,197.99000549316406,206790
2025-06-16 18:35:00+00:00,197.94000244140625,198.0399932861328,197.85000610351562,197.9499969482422,180129
2025-06-16 18:40:00+00:00,197.85350036621094,197.97500610351562,197.83999633789062,197.9499969482422,165100
2025-06-16 18:45:00+00:00,197.85000610351562,197.88999938964844,197.77000427246094,197.86000061035156,193585
2025-06-16 18:50:00+00:00,198.24000549316406,198.24000549316406,197.80999755859375,197.85000610351562,312777
2025-06-16 18:55:00+00:00,198.32009887695312,198.39849853515625,198.24000549316406,198.2449951171875,313371
2025-06-16 19:00:00+00:00,198.22000122070312,198.37860107421875,198.16000366210938,198.32000732421875,356244
2025-06-16 19:05:00+00:00,197.83999633789062,198.22000122070312,197.8300018310547,198.22000122070312,351852
2025-06-16 19:10:00+00:00,198.03500366210938,198.05999755859375,197.66000366210938,197.82000732421875,368626
2025-06-16 19:15:00+00:00,197.9499969482422,198.1300048828125,197.89999389648438,198.02999877929688,291637
2025-06-16 19:20:00+00:00,198.10000610351562,198.25660705566406,197.83999633789062,197.9550018310547,472915
2025-06-16 19:25:00+00:00,198.2449951171875,198.39999389648438,198.02999877929688,198.10499572753906,356120
2025-06-16 19:30:00+00:00,198.1699981689453,198.3300018310547,198.101806640625,198.2449951171875,277168
2025-06-16 19:35:00+00:00,198.38499450683594,198.47869873046875,198.16000366210938,198.1699981689453,442669
2025-06-16 19:40:00+00:00,198.3000030517578,198.4499969482422,198.1699981689453,198.38499450683594,330622
2025-06-16 19:45:00+00:00,198.45970153808594,198.49000549316406,198.2100067138672,198.27999877929688,552118
2025-06-16 19:50:00+00:00,198.11000061035156,198.44000244140625,197.92999267578125,198.44000244140625,899170
2025-06-16 19:55:00+00:00,198.3699951171875,198.44000244140625,197.97999572753906,198.11000061035156,2217220
2025-06-17 13:30:00+00:00,197.0500030517578,197.92999267578125,196.9499969482422,197.1999969482422,2009180
2025-06-17 13:35:00+00:00,197.0500030517578,197.37530517578125,196.75999450683594,197.0500030517578,863393
2025-06-17 13:40:00+00:00,196.55999755859375,197.26499938964844,196.55999755859375,197.0615997314453,723743
2025-06-17 13:45:00+00:00,196.47999572753906,196.6199951171875,196.2550048828125,196.56500244140625,749388
2025-06-17 13:50:00+00:00,196.80979919433594,196.8105926513672,196.27000427246094,196.47000122070312,529292
2025-06-17 13:55:00+00:00,196.80999755859375,197.0236053466797,196.58999633789062,196.8000030517578,603002
2025-06-17 14:00:00+00:00,196.94009399414062,196.9600067138672,196.69000244140625,196.8300018310547,414488
2025-06-17 14:05:00+00:00,197.24000549316406,197.30499267578125,196.9405059814453,196.97000122070312,477429
2025-06-17 14:10:00+00:00,197.62969970703125,197.69000244140625,197.11000061035156,197.25,538166
2025-06-17 14:15:00+00:00,197.75,197.789794921875,197.60000610351562,197.6199951171875,319334
2025-06-17 14:20:00+00:00,197.52000427246094,197.91000366210938,197.44000244140625,197.74020385742188,409995
2025-06-17 14:25:00+00:00,197.5800018310547,197.69000244140625,197.48959350585938,197.52000427246094,264986
2025-06-17 14:30:00+00:00,197.51499938964844,197.6999969482422,197.47999572753906,197.58299255371094,317520
2025-06-17 14:35:00+00:00,197.5,197.5800018310547,197.3249969482422,197.52000427246094,430979
2025-06-17 14:40:00+00:00,197.50999450683594,197.5749969482422,197.3699951171875,197.50999450683594,233204
2025-06-17 14:45:00+00:00,197.58999633789062,197.64999389648438,197.42990112304688,197.5050048828125,298175
2025-06-17 14:50:00+00:00,197.67019653320312,197.77000427246094,197.57000732421875,197.5800018310547,267481
2025-06-17 14:55:00+00:00,197.38009643554688,197.67999267578125,197.35000610351562,197.67999267578125,307622
2025-06-17 15:00:00+00:00,197.59800720214844,197.68499755859375,197.34500122070312,197.3800048828125,279599
2025-06-17 15:05:00+00:00,197.71470642089844,197.76980590820312,197.52499389648438,197.58999633789062,216971
2025-06-17 15:10:00+00:00,197.69000244140625,197.7899932861328,197.63009643554688,197.71009826660156,242536
2025-06-17 15:15:00+00:00,197.7050018310547,197.7100067138672,197.35000610351562,197.69769287109375,293994
2025-06-17 15:20:00+00:00,197.625,197.78500366210938,197.61000061035156,197.69500732421875,282824
2025-06-17 15:25:00+00:00,197.5800018310547,197.64999389648438,197.44009399414062,197.6269989013672,196678
2025-06-17 15:30:00+00:00,197.6298065185547,197.73570251464844,197.51499938964844,197.58999633789062,257498
2025-06-17 15:35:00+00:00,198.1999969482422,198.22500610351562,197.6199951171875,197.6300048828125,549977
2025-06-17 15:40:00+00:00,198.3300018310547,198.375,198.11329650878906,198.1999969482422,350823
2025-06-17 15:45:00+00:00,197.91400146484375,198.38890075683594,197.90499877929688,198.34109497070312,328527
2025-06-17 15:50:00+00:00,198.0800018310547,198.17999267578125,197.88999938964844,197.94000244140625,263720
2025-06-17 15:55:00+00:00,197.78500366210938,198.0800018310547,197.78500366210938,198.0800018310547,247336
2025-06-17 16:00:00+00:00,198.02000427246094,198.08999633789062,197.77999877929688,197.78500366210938,193091
2025-06-17 16:05:00+00:00,197.97000122070312,198.11000061035156,197.6300048828125,198.02000427246094,346389
2025-06-17 16:10:00+00:00,198.11000061035156,198.1300048828125,197.94349670410156,197.9600067138672,201876
2025-06-17 16:15:00+00:00,197.81300354003906,198.14999389648438,197.75999450683594,198.11000061035156,329514
2025-06-17 16:20:00+00:00,197.61000061035156,197.85499572753906,197.52000427246094,197.80999755859375,237894
2025-06-17 16:25:00+00:00,197.61500549316406,197.6999969482422,197.4600067138672,197.6199951171875,207779
2025-06-17 16:30:00+00:00,197.72900390625,197.72999572753906,197.52000427246094,197.61000061035156,145090
2025-06-17 16:35:00+00:00,197.61619567871094,197.845703125,197.61500549316406,197.73899841308594,157509
2025-06-17 16:40:00+00:00,197.30670166015625,197.6199951171875,197.21090698242188,197.6199951171875,259805
2025-06-17 16:45:00+00:00,197.14999389648438,197.41000366210938,197.0,197.27999877929688,364432
2025-06-17 16:50:00+00:00,196.94020080566406,197.19000244140625,196.8000030517578,197.13999938964844,397307
2025-06-17 16:55:00+00:00,196.77499389648438,196.94000244140625,196.67999267578125,196.94000244140625,362536
2025-06-17 17:00:00+00:00,196.72500610351562,196.77999877929688,196.47000122070312,196.75999450683594,385959
2025-06-17 17:05:00+00:00,196.67999267578125,196.72999572753906,196.46499633789062,196.72999572753906,290137
2025-06-17 17:10:00+00:00,196.68499755859375,196.86000061035156,196.6199951171875,196.6699981689453,345893
2025-06-17 17:15:00+00:00,196.69000244140625,196.8300018310547,196.5500030517578,196.69000244140625,1327524
2025-06-17 17:20:00+00:00,196.69000244140625,196.74989318847656,196.5,196.69000244140625,245763
2025-06-17 17:25:00+00:00,196.52000427246094,196.7097930908203,196.52000427246094,196.67999267578125,191786
2025-06-17 17:30:00+00:00,196.63999938964844,196.7449951171875,196.3300018310547,196.50999450683594,362285
2025-06-17 17:35:00+00:00,196.50999450683594,196.82000732421875,196.42999267578125,196.63499450683594,240670
2025-06-17 17:40:00+00:00,196.30999755859375,196.5800018310547,196.2700958251953,196.5,268724
2025-06-17 17:45:00+00:00,196.1300048828125,196.4250030517578,195.94000244140625,196.30999755859375,656190
2025-06-17 17:50:00+00:00,196.1199951171875,196.22900390625,195.94000244140625,196.10000610351562,299273
2025-06-17 17:55:00+00:00,196.1199951171875,196.30999755859375,196.07000732421875,196.1199951171875,203852
2025-06-17 18:00:00+00:00,195.67999267578125,196.1199951171875,195.5800018310547,196.1199951171875,502498
2025-06-17 18:05:00+00:00,195.9550018310547,195.97000122070312,195.69000244140625,195.69000244140625,291927
2025-06-17 18:10:00+00:00,195.74000549316406,196.0399932861328,195.72999572753906,195.94500732421875,248245
2025-06-17 18:15:00+00:00,195.6999969482422,195.8300018310547,195.6479034423828,195.72999572753906,246669
2025-06-17 18:20:00+00:00,195.44009399414062,195.7100067138672,195.44000244140625,195.69500732421875,306524
2025-06-17 18:25:00+00:00,195.4600067138672,195.50999450683594,195.2100067138672,195.4409942626953,384773
2025-06-17 18:30:00+00:00,195.82000732421875,195.82000732421875,195.42030334472656,195.47999572753906,275413
2025-06-17 18:35:00+00:00,195.66000366210938,195.86000061035156,195.5399932861328,195.8000030517578,367809
2025-06-17 18:40:00+00:00,195.69000244140625,195.69679260253906,195.42999267578125,195.64999389648438,255344
2025-06-17 18:45:00+00:00,195.63999938964844,195.7550048828125,195.53500366210938,195.69000244140625,229139
2025-06-17 18:50:00+00:00,195.74000549316406,195.75,195.5500946044922,195.64999389648438,160448
2025-06-17 18:55:00+00:00,195.84030151367188,195.8699951171875,195.75,195.75,293759
2025-06-17 19:00:00+00:00,195.59979248046875,195.88999938964844,195.57000732421875,195.85000610351562,554235
2025-06-17 19:05:00+00:00,195.77000427246094,195.77999877929688,195.49000549316406,195.60499572753906,285650
2025-06-17 19:10:00+00:00,195.83999633789062,195.9149932861328,195.67799377441406,195.77000427246094,303586
2025-06-17 19:15:00+00:00,195.66000366210938,195.94000244140625,195.64500427246094,195.84500122070312,300571
2025-06-17 19:20:00+00:00,195.86000061035156,195.91650390625,195.6199951171875,195.6649932861328,308053
2025-06-17 19:25:00+00:00,195.83999633789062,195.9199981689453,195.74000549316406,195.86000061035156,282420
2025-06-17 19:30:00+00:00,195.58999633789062,195.88499450683594,195.52000427246094,195.85000610351562,467896
2025-06-17 19:35:00+00:00,195.61500549316406,195.75,195.5196990966797,195.5800018310547,419773
2025-06-17 19:40:00+00:00,195.6300048828125,195.72000122070312,195.4550018310547,195.61000061035156,363444
2025-06-17 19:45:00+00:00,195.7050018310547,195.72999572753906,195.4409942626953,195.6300048828125,522415
2025-06-17 19:50:00+00:00,195.78799438476562,195.86000061035156,195.47000122070312,195.6999969482422,817355
2025-06-17 19:55:00+00:00,195.63999938964844,195.8300018310547,195.48939514160156,195.8000030517578,1730698
2025-06-18 13:30:00+00:00,195.22999572753906,196.13999938964844,195.07000732421875,195.94500732421875,2319920
2025-06-18 13:35:00+00:00,195.5399932861328,195.6699981689453,195.1699981689453,195.2050018310547,589305
2025-06-18 13:40:00+00:00,195.47999572753906,195.7100067138672,195.30999755859375,195.52090454101562,602409
2025-06-18 13:45:00+00:00,196.1042022705078,196.11990356445312,195.27000427246094,195.47000122070312,585790
2025-06-18 13:50:00+00:00,196.16070556640625,196.46499633789062,196.0800018310547,196.10000610351562,712055
2025-06-18 13:55:00+00:00,196.38999938964844,196.4499969482422,196.1300048828125,196.16000366210938,502661
2025-06-18 14:00:00+00:00,196.6009979248047,196.72000122070312,196.2100067138672,196.38999938964844,633648
2025-06-18 14:05:00+00:00,196.72999572753906,196.9499969482422,196.55999755859375,196.61000061035156,581842
2025-06-18 14:10:00+00:00,197.07989501953125,197.2406005859375,196.7050018310547,196.7100067138672,772821
2025-06-18 14:15:00+00:00,197.18499755859375,197.47000122070312,196.9801025390625,197.07000732421875,551884
2025-06-18 14:20:00+00:00,197.19500732421875,197.50999450683594,197.1649932861328,197.17999267578125,451895
2025-06-18 14:25:00+00:00,197.06019592285156,197.33999633789062,197.02000427246094,197.1999969482422,358901
2025-06-18 14:30:00+00:00,197.4199981689453,197.44000244140625,196.97000122070312,197.11000061035156,437166
2025-06-18 14:35:00+00:00,197.39999389648438,197.57000732421875,197.30999755859375,197.44000244140625,419897
2025-06-18 14:40:00+00:00,197.3000030517578,197.41000366210938,197.11500549316406,197.39999389648438,379724
2025-06-18 14:45:00+00:00,197.27999877929688,197.36500549316406,197.11500549316406,197.2949981689453,298281
2025-06-18 14:50:00+00:00,197.19000244140625,197.3717041015625,197.11959838867188,197.27999877929688,273882
2025-06-18 14:55:00+00:00,197.25,197.25999450683594,197.0800018310547,197.19000244140625,341397
2025-06-18 15:00:00+00:00,197.14999389648438,197.2949981689453,197.07000732421875,197.24000549316406,362136
2025-06-18 15:05:00+00:00,196.94000244140625,197.17999267578125,196.87969970703125,197.14999389648438,329912
2025-06-18 15:10:00+00:00,196.96629333496094,196.99000549316406,196.8800048828125,196.9770050048828,205068
2025-06-18 15:15:00+00:00,196.71499633789062,196.81500244140625,196.69500732421875,196.81500244140625,366002
2025-06-18 15:20:00+00:00,196.85000610351562,196.88999938964844,196.63499450683594,196.72999572753906,367511
2025-06-18 15:25:00+00:00,196.94000244140625,197.07000732421875,196.84500122070312,196.84500122070312,196524
2025-06-18 15:30:00+00:00,196.5399932861328,196.88499450683594,196.51499938964844,196.85000610351562,212300
2025-06-18 15:35:00+00:00,196.60000610351562,196.6699981689453,196.55999755859375,196.64999389648438,214902
2025-06-18 15:40:00+00:00,196.7030029296875,196.75,196.50030517578125,196.69000244140625,343270
2025-06-18 15:45:00+00:00,196.85000610351562,196.90989685058594,196.6699981689453,196.6999969482422,299734
2025-06-18 15:50:00+00:00,197.1999969482422,197.2100067138672,196.82000732421875,196.8433074951172,334674
2025-06-18 15:55:00+00:00,196.82000732421875,197.22000122070312,196.731201171875,197.20269775390625,234300
2025-06-18 16:00:00+00:00,197.10000610351562,197.13999938964844,196.75999450683594,196.82000732421875,234397
2025-06-18 16:05:00+00:00,197.19000244140625,197.19769287109375,196.9550018310547,197.11000061035156,146295
2025-06-18 16:10:00+00:00,197.07000732421875,197.22999572753906,197.05999755859375,197.1699981689453,140233
2025-06-18 16:15:00+00:00,196.83900451660156,197.18499755859375,196.77999877929688,197.0800018310547,201509
2025-06-18 16:20:00+00:00,197.07000732421875,197.10000610351562,196.77999877929688,196.8300018310547,174014
2025-06-18 16:25:00+00:00,196.9508056640625,197.1300048828125,196.88999938964844,197.07000732421875,141263
2025-06-18 16:30:00+00:00,196.9967041015625,197.02000427246094,196.8699951171875,196.94000244140625,162553
2025-06-18 16:35:00+00:00,196.7949981689453,196.97000122070312,196.72000122070312,196.97000122070312,191448
2025-06-18 16:40:00+00:00,196.8300018310547,196.97999572753906,196.77000427246094,196.80999755859375,194394
2025-06-18 16:45:00+00:00,196.76499938964844,196.89999389648438,196.72999572753906,196.82000732421875,173707
2025-06-18 16:50:00+00:00,196.67999267578125,196.9499969482422,196.61000061035156,196.77499389648438,188472
2025-06-18 16:55:00+00:00,196.4550018310547,196.74000549316406,196.4199981689453,196.6699981689453,357934
2025-06-18 17:00:00+00:00,196.32000732421875,196.46139526367188,196.27999877929688,196.4499969482422,238824
2025-06-18 17:05:00+00:00,196.41000366210938,196.41900634765625,196.25,196.3300018310547,217926
2025-06-18 17:10:00+00:00,196.4550018310547,196.539794921875,196.32000732421875,196.41000366210938,244799
2025-06-18 17:15:00+00:00,196.4759063720703,196.57000732421875,196.44500732421875,196.46499633789062,178957
2025-06-18 17:20:00+00:00,196.31539916992188,196.56500244140625,196.2899932861328,196.47500610351562,173304
2025-06-18 17:25:00+00:00,196.05999755859375,196.32000732421875,196.0500030517578,196.3000030517578,205661
2025-06-18 17:30:00+00:00,195.9550018310547,196.25439453125,195.8000030517578,196.07000732421875,301071
2025-06-18 17:35:00+00:00,196.28070068359375,196.2899932861328,195.8249969482422,195.9499969482422,207409
2025-06-18 17:40:00+00:00,196.53619384765625,196.5399932861328,196.18499755859375,196.27000427246094,207139
2025-06-18 17:45:00+00:00,196.5800018310547,196.85989379882812,196.53329467773438,196.5399932861328,237665
2025-06-18 17:50:00+00:00,196.64239501953125,196.72999572753906,196.47000122070312,196.5800018310547,489190
2025-06-18 17:55:00+00:00,196.47000122070312,196.63999938964844,196.3000030517578,196.63999938964844,284120
2025-06-18 18:00:00+00:00,196.0399932861328,196.97999572753906,196.02000427246094,196.5,411641
2025-06-18 18:05:00+00:00,196.0500030517578,196.30880737304688,195.96499633789062,196.0399932861328,359252
2025-06-18 18:10:00+00:00,196.02479553222656,196.11000061035156,195.8699951171875,196.02000427246094,308017
2025-06-18 18:15:00+00:00,195.80999755859375,196.13999938964844,195.80499267578125,196.02999877929688,298250
2025-06-18 18:20:00+00:00,195.8300018310547,195.85499572753906,195.6300048828125,195.82000732421875,321435
2025-06-18 18:25:00+00:00,195.91000366210938,196.0399932861328,195.80999755859375,195.83999633789062,258625
2025-06-18 18:30:00+00:00,196.13999938964844,196.2100067138672,195.80499267578125,195.91000366210938,339412
2025-06-18 18:35:00+00:00,195.85499572753906,196.14999389648438,195.63059997558594,196.1365966796875,456338
2025-06-18 18:40:00+00:00,196.32090759277344,196.4499969482422,195.80999755859375,195.86480712890625,369773
2025-06-18 18:45:00+00:00,196.1260986328125,196.32000732421875,196.0,196.32000732421875,240967
2025-06-18 18:50:00+00:00,195.8000030517578,196.10499572753906,195.60000610351562,196.10000610351562,367888
2025-06-18 18:55:00+00:00,195.36000061035156,195.82989501953125,195.11000061035156,195.81619262695312,638404
2025-06-18 19:00:00+00:00,195.57620239257812,195.6300048828125,195.13999938964844,195.3699951171875,469994
2025-06-18 19:05:00+00:00,195.36000061035156,195.69039916992188,195.2899932861328,195.5800018310547,315916
2025-06-18 19:10:00+00:00,195.9499969482422,196.10000610351562,195.22000122070312,195.37750244140625,598208
2025-06-18 19:15:00+00:00,195.80999755859375,195.9600067138672,195.72999572753906,195.9600067138672,265651
2025-06-18 19:20:00+00:00,196.11500549316406,196.28919982910156,195.72999572753906,195.8000030517578,465942
2025-06-18 19:25:00+00:00,195.63999938964844,196.17999267578125,195.60000610351562,196.11000061035156,481411
2025-06-18 19:30:00+00:00,195.98500061035156,196.0500030517578,195.46600341796875,195.6300048828125,485647
2025-06-18 19:35:00+00:00,196.27000427246094,196.3000030517578,195.94000244140625,195.97500610351562,495246
2025-06-18 19:40:00+00:00,196.2899932861328,196.3000030517578,195.99000549316406,196.27000427246094,528209
2025-06-18 19:45:00+00:00,196.2801971435547,196.3300018310547,196.0601043701172,196.27999877929688,528318
2025-06-18 19:50:00+00:00,196.5,197.0,196.22000122070312,196.27999877929688,1510573
2025-06-18 19:55:00+00:00,196.25,197.11000061035156,196.25,196.49000549316406,4114217
2025-06-20 13:30:00+00:00,199.41079711914062,199.6300048828125,197.52999877929688,198.23500061035156,14021766
2025-06-20 13:35:00+00:00,200.44500732421875,200.64999389648438,199.37660217285156,199.38999938964844,2397722
2025-06-20 13:40:00+00:00,200.59950256347656,200.94000244140625,200.34109497070312,200.4427032470703,1662468
2025-06-20 13:45:00+00:00,199.77000427246094,200.71910095214844,199.72999572753906,200.59500122070312,1161399
2025-06-20 13:50:00+00:00,200.34910583496094,200.35000610351562,199.74000549316406,199.77999877929688,786238
2025-06-20 13:55:00+00:00,199.84500122070312,200.47999572753906,199.75,200.3300018310547,756378
2025-06-20 14:00:00+00:00,199.52999877929688,199.94000244140625,199.4600067138672,199.83999633789062,1108964
2025-06-20 14:05:00+00:00,199.00990295410156,199.57980346679688,198.97999572753906,199.52000427246094,530468
2025-06-20 14:10:00+00:00,199.57000732421875,199.60499572753906,198.9949951171875,199.00999450683594,546326
2025-06-20 14:15:00+00:00,199.57000732421875,199.72500610351562,199.2449951171875,199.5449981689453,469578
2025-06-20 14:20:00+00:00,198.86000061035156,199.74000549316406,198.80999755859375,199.56939697265625,1539668
2025-06-20 14:25:00+00:00,198.67999267578125,198.88499450683594,198.55889892578125,198.85000610351562,1055392
2025-06-20 14:30:00+00:00,198.28500366210938,198.69000244140625,198.2449951171875,198.69000244140625,523134
2025-06-20 14:35:00+00:00,198.19000244140625,198.46499633789062,198.0800018310547,198.28500366210938,799514
2025-06-20 14:40:00+00:00,197.79190063476562,198.36500549316406,197.6300048828125,198.19000244140625,742083
2025-06-20 14:45:00+00:00,197.6750030517578,197.83999633789062,197.56100463867188,197.7899932861328,438011
2025-06-20 14:50:00+00:00,197.2100067138672,197.69000244140625,197.1300048828125,197.67999267578125,577150
2025-06-20 14:55:00+00:00,197.27980041503906,197.32000732421875,197.03500366210938,197.1999969482422,508761
2025-06-20 15:00:00+00:00,197.02999877929688,197.25999450683594,196.85960388183594,197.25999450683594,602070
2025-06-20 15:05:00+00:00,197.27000427246094,197.32000732421875,197.01010131835938,197.0399932861328,381019
2025-06-20 15:10:00+00:00,197.66000366210938,197.75,197.16000366210938,197.27940368652344,1033676
2025-06-20 15:15:00+00:00,197.78480529785156,197.7899932861328,197.50999450683594,197.6699981689453,258489
2025-06-20 15:20:00+00:00,197.86000061035156,198.0,197.75,197.90499877929688,553771
2025-06-20 15:25:00+00:00,197.6699981689453,197.97999572753906,197.64999389648438,197.85000610351562,241490
2025-06-20 15:30:00+00:00,198.22999572753906,198.24000549316406,197.6999969482422,197.7100067138672,329761
2025-06-20 15:35:00+00:00,198.5399932861328,198.56500244140625,198.1999969482422,198.22500610351562,410373
2025-06-20 15:40:00+00:00,198.77499389648438,198.86000061035156,198.4499969482422,198.52999877929688,993338
2025-06-20 15:45:00+00:00,198.5126953125,198.77999877929688,198.5126953125,198.77999877929688,355885
2025-06-20 15:50:00+00:00,198.13999938964844,198.49000549316406,198.1300048828125,198.439697265625,391174
2025-06-20 15:55:00+00:00,198.0800018310547,198.24000549316406,197.99000549316406,198.14999389648438,367008
2025-06-20 16:00:00+00:00,198.07000732421875,198.25,197.91000366210938,198.05999755859375,224453
2025-06-20 16:05:00+00:00,198.27999877929688,198.27999877929688,198.05999755859375,198.07000732421875,160147
2025-06-20 16:10:00+00:00,198.18919372558594,198.50999450683594,198.1295928955078,198.25999450683594,204088
2025-06-20 16:15:00+00:00,198.11000061035156,198.2050018310547,197.9199981689453,198.1699981689453,203135
2025-06-20 16:20:00+00:00,198.42999267578125,198.46690368652344,197.9228973388672,198.1103973388672,480657
2025-06-20 16:25:00+00:00,198.49000549316406,198.53599548339844,198.25,198.42999267578125,167653
2025-06-20 16:30:00+00:00,198.6300048828125,198.64999389648438,198.36000061035156,198.49000549316406,243047
2025-06-20 16:35:00+00:00,198.71249389648438,198.8249969482422,198.61000061035156,198.63999938964844,204719
2025-06-20 16:40:00+00:00,198.5,198.72999572753906,198.2899932861328,198.7100067138672,285677
2025-06-20 16:45:00+00:00,198.3800048828125,198.55999755859375,198.3300018310547,198.48500061035156,616454
2025-06-20 16:50:00+00:00,198.7375030517578,198.9199981689453,198.33999633789062,198.3699951171875,733039
2025-06-20 16:55:00+00:00,198.80999755859375,198.93910217285156,198.5906982421875,198.72999572753906,345601
2025-06-20 17:00:00+00:00,198.66000366210938,198.9199981689453,198.6199951171875,198.7899932861328,244130
2025-06-20 17:05:00+00:00,198.83009338378906,198.90499877929688,198.52000427246094,198.64999389648438,226752
2025-06-20 17:10:00+00:00,199.16900634765625,199.23500061035156,198.8000030517578,198.8300018310547,271648
2025-06-20 17:15:00+00:00,198.74000549316406,199.3699951171875,198.6699981689453,199.17759704589844,390734
2025-06-20 17:20:00+00:00,198.58999633789062,198.935302734375,198.55999755859375,198.72999572753906,359811
2025-06-20 17:25:00+00:00,198.32000732421875,198.61000061035156,198.27000427246094,198.58999633789062,365251
2025-06-20 17:30:00+00:00,198.42979431152344,198.44000244140625,198.10000610351562,198.32000732421875,410641
2025-06-20 17:35:00+00:00,198.10000610351562,198.55499267578125,198.0800018310547,198.41000366210938,251411
2025-06-20 17:40:00+00:00,198.48500061035156,198.65499877929688,198.07000732421875,198.10499572753906,548304
2025-06-20 17:45:00+00:00,198.50999450683594,198.5800018310547,198.36000061035156,198.47999572753906,442212
2025-06-20 17:50:00+00:00,198.91000366210938,199.14999389648438,198.49000549316406,198.50999450683594,870935
2025-06-20 17:55:00+00:00,199.13999938964844,199.17999267578125,198.87240600585938,198.89500427246094,271060
2025-06-20 18:00:00+00:00,199.41000366210938,199.42999267578125,199.11289978027344,199.14500427246094,370511
2025-06-20 18:05:00+00:00,199.50999450683594,199.52999877929688,199.25,199.39999389648438,481964
2025-06-20 18:10:00+00:00,199.72999572753906,199.80499267578125,199.49000549316406,199.52000427246094,349457
2025-06-20 18:15:00+00:00,200.1501007080078,200.19000244140625,199.65499877929688,199.7100067138672,621725
2025-06-20 18:20:00+00:00,200.05709838867188,200.17999267578125,199.88999938964844,200.16000366210938,399924
2025-06-20 18:25:00+00:00,199.80999755859375,200.06080627441406,199.7899932861328,200.05279541015625,299065
2025-06-20 18:30:00+00:00,200.1199951171875,200.1699981689453,199.80999755859375,199.82000732421875,505563
2025-06-20 18:35:00+00:00,199.97000122070312,200.14990234375,199.82000732421875,200.11000061035156,451969
2025-06-20 18:40:00+00:00,199.9499969482422,200.0399932861328,199.80999755859375,199.97479248046875,828896
2025-06-20 18:45:00+00:00,199.88999938964844,200.05909729003906,199.80999755859375,199.9600067138672,340622
2025-06-20 18:50:00+00:00,200.03460693359375,200.08999633789062,199.72999572753906,199.8800048828125,630637
2025-06-20 18:55:00+00:00,199.7100067138672,200.13999938964844,199.64999389648438,200.0500030517578,592014
2025-06-20 19:00:00+00:00,200.25990295410156,200.27529907226562,199.6199951171875,199.7100067138672,1188119
2025-06-20 19:05:00+00:00,200.02000427246094,200.33670043945312,199.9199981689453,200.25,913725
2025-06-20 19:10:00+00:00,199.9199981689453,200.0800018310547,199.8101043701172,200.02000427246094,431605
2025-06-20 19:15:00+00:00,199.78089904785156,199.92999267578125,199.60009765625,199.91000366210938,446626
2025-06-20 19:20:00+00:00,200.0800018310547,200.17999267578125,199.75,199.7864990234375,579668
2025-06-20 19:25:00+00:00,199.92999267578125,200.1750030517578,199.8000030517578,200.0800018310547,1018193
2025-06-20 19:30:00+00:00,200.14520263671875,200.14520263671875,199.77000427246094,199.9199981689453,432423
2025-06-20 19:35:00+00:00,200.0749969482422,200.19500732421875,199.97000122070312,200.13999938964844,533832
2025-06-20 19:40:00+00:00,199.97000122070312,200.19000244140625,199.9499969482422,200.0749969482422,737390
2025-06-20 19:45:00+00:00,199.99000549316406,200.07000732421875,199.94500732421875,199.97500610351562,710465
2025-06-20 19:50:00+00:00,200.57000732421875,200.5800018310547,199.99000549316406,200.00999450683594,1746817
2025-06-20 19:55:00+00:00,200.94000244140625,201.6999969482422,200.55999755859375,200.55999755859375,6594197
