Price,Close,High,Low,Open,Volume
Ticker,TSLA,TSLA,TSLA,TSLA,TSLA
Datetime,,,,,
2025-06-11 13:30:00+00:00,333.239990234375,335.5,332.3699951171875,334.05499267578125,16181795
2025-06-11 13:35:00+00:00,333.70001220703125,334.7789001464844,332.80999755859375,333.2799987792969,3188616
2025-06-11 13:40:00+00:00,332.4898986816406,333.8699951171875,331.0400085449219,333.70001220703125,3317452
2025-06-11 13:45:00+00:00,332.2900085449219,332.5899963378906,328.82000732421875,332.4314880371094,4277627
2025-06-11 13:50:00+00:00,331.44049072265625,332.5,330.156005859375,332.260009765625,2613893
2025-06-11 13:55:00+00:00,329.7699890136719,331.4681091308594,328.20001220703125,331.44500732421875,2740508
2025-06-11 14:00:00+00:00,331.04998779296875,331.95001220703125,329.7900085449219,329.82000732421875,2164004
2025-06-11 14:05:00+00:00,332.25,332.55999755859375,331.0,331.0400085449219,1704265
2025-06-11 14:10:00+00:00,332.79998779296875,333.57501220703125,331.25,332.24798583984375,2447712
2025-06-11 14:15:00+00:00,332.1449890136719,333.2300109863281,332.0,332.760009765625,1504521
2025-06-11 14:20:00+00:00,332.5007019042969,332.5799865722656,330.7300109863281,332.1099853515625,1606684
2025-06-11 14:25:00+00:00,333.1199951171875,334.4198913574219,332.260009765625,332.50469970703125,2255670
2025-06-11 14:30:00+00:00,333.0150146484375,333.4800109863281,332.45001220703125,333.0799865722656,1042505
2025-06-11 14:35:00+00:00,333.6499938964844,334.2900085449219,333.54998779296875,333.6600036621094,1628166
2025-06-11 14:40:00+00:00,333.102294921875,333.69989013671875,332.1300048828125,333.6300048828125,1382438
2025-06-11 14:45:00+00:00,331.625,333.1698913574219,331.3399963378906,333.010009765625,1290359
2025-06-11 14:50:00+00:00,332.90301513671875,333.09210205078125,331.2701110839844,331.6131896972656,1192282
2025-06-11 14:55:00+00:00,332.1600036621094,332.17999267578125,331.70001220703125,331.81878662109375,938292
2025-06-11 15:00:00+00:00,332.3550109863281,332.76190185546875,331.6700134277344,331.8299865722656,926662
2025-06-11 15:05:00+00:00,331.20001220703125,332.45001220703125,331.20001220703125,332.29998779296875,760576
2025-06-11 15:10:00+00:00,331.5101013183594,332.1400146484375,330.1700134277344,330.2773132324219,2308559
2025-06-11 15:15:00+00:00,333.1000061035156,333.3808898925781,331.79998779296875,331.8399963378906,1276612
2025-06-11 15:20:00+00:00,332.8699951171875,333.439697265625,332.5400085449219,333.1000061035156,815658
2025-06-11 15:25:00+00:00,331.9988098144531,332.7699890136719,331.8595886230469,332.7016906738281,1083224
2025-06-11 15:30:00+00:00,331.3301086425781,331.639892578125,331.17999267578125,331.32000732421875,1293975
2025-06-11 15:35:00+00:00,330.5400085449219,331.94000244140625,330.4800109863281,331.3299865722656,944229
2025-06-11 15:40:00+00:00,330.7898864746094,331.45001220703125,330.4100036621094,330.510009765625,892727
2025-06-11 15:45:00+00:00,330.989990234375,331.79998779296875,330.6200866699219,330.75,954878
2025-06-11 15:50:00+00:00,331.1347961425781,331.2200012207031,330.07000732421875,331.010009765625,961069
2025-06-11 15:55:00+00:00,329.8747863769531,331.1300048828125,329.510009765625,331.1050109863281,1214852
2025-06-11 16:00:00+00:00,330.70001220703125,330.70989990234375,329.75,329.8450012207031,891147
2025-06-11 16:05:00+00:00,328.45001220703125,330.7699890136719,328.4200134277344,330.6549987792969,1623427
2025-06-11 16:10:00+00:00,327.3800048828125,328.6698913574219,326.0299987792969,328.45001220703125,2496571
2025-06-11 16:15:00+00:00,327.92999267578125,328.39990234375,327.3800048828125,327.4049987792969,1118720
2025-06-11 16:20:00+00:00,327.3550109863281,328.25,326.9100036621094,327.9154968261719,1216762
2025-06-11 16:25:00+00:00,328.95001220703125,328.95001220703125,327.2001037597656,327.364990234375,1257658
2025-06-11 16:30:00+00:00,329.1000061035156,329.3900146484375,328.6408996582031,328.8599853515625,909352
2025-06-11 16:35:00+00:00,329.3774108886719,329.69000244140625,328.57000732421875,329.04998779296875,814543
2025-06-11 16:40:00+00:00,329.2099914550781,330.0,329.04998779296875,329.3699951171875,817428
2025-06-11 16:45:00+00:00,328.9999084472656,329.3999938964844,328.80010986328125,329.1889953613281,658808
2025-06-11 16:50:00+00:00,329.2099914550781,329.8699951171875,328.94061279296875,328.9750061035156,671169
2025-06-11 16:55:00+00:00,329.7099914550781,329.989990234375,329.1600036621094,329.2349853515625,566576
2025-06-11 17:00:00+00:00,330.5450134277344,330.7699890136719,329.1700134277344,329.70001220703125,941945
2025-06-11 17:05:00+00:00,331.0299987792969,331.30950927734375,330.4800109863281,330.5299987792969,937673
2025-06-11 17:10:00+00:00,330.2449951171875,331.1000061035156,330.1499938964844,331.0,655662
2025-06-11 17:15:00+00:00,330.1449890136719,330.42999267578125,329.3999938964844,330.2886962890625,844399
2025-06-11 17:20:00+00:00,330.1293029785156,330.4599914550781,329.618408203125,330.1700134277344,811250
2025-06-11 17:25:00+00:00,330.92999267578125,331.0799865722656,329.93011474609375,330.0950012207031,785342
2025-06-11 17:30:00+00:00,330.6300048828125,331.04949951171875,330.010009765625,330.9200134277344,635302
2025-06-11 17:35:00+00:00,330.20001220703125,331.0799865722656,329.95001220703125,330.6199951171875,752997
2025-06-11 17:40:00+00:00,329.375,330.6000061035156,328.80010986328125,330.1365051269531,856900
2025-06-11 17:45:00+00:00,328.010009765625,329.4599914550781,327.7099914550781,329.3399963378906,1086432
2025-06-11 17:50:00+00:00,328.1636047363281,328.3900146484375,327.7408142089844,328.0002136230469,883296
2025-06-11 17:55:00+00:00,325.69500732421875,328.3995056152344,325.30999755859375,328.1300048828125,1636312
2025-06-11 18:00:00+00:00,323.9453125,326.4820861816406,322.7699890136719,325.67999267578125,2983774
2025-06-11 18:05:00+00:00,325.4700012207031,325.6400146484375,323.7200012207031,323.885009765625,2035918
2025-06-11 18:10:00+00:00,324.0050048828125,325.84991455078125,324.0,325.4372863769531,1253739
2025-06-11 18:15:00+00:00,323.9471130371094,324.6700134277344,322.7799987792969,324.0,1656592
2025-06-11 18:20:00+00:00,324.8500061035156,324.9390869140625,323.8349914550781,323.9200134277344,1035516
2025-06-11 18:25:00+00:00,324.7200012207031,325.3900146484375,324.2615051269531,324.864990234375,920750
2025-06-11 18:30:00+00:00,325.1199951171875,325.7489929199219,323.8999938964844,324.7099914550781,1272708
2025-06-11 18:35:00+00:00,325.79998779296875,326.12890625,324.70001220703125,325.0799865722656,978455
2025-06-11 18:40:00+00:00,326.04998779296875,326.3599853515625,325.45001220703125,325.7900085449219,918164
2025-06-11 18:45:00+00:00,326.0299987792969,326.489990234375,325.8599853515625,326.010009765625,733088
2025-06-11 18:50:00+00:00,325.7135009765625,326.489990234375,325.6007995605469,325.989990234375,718282
2025-06-11 18:55:00+00:00,325.46319580078125,326.1000061035156,324.9750061035156,325.6112060546875,861058
2025-06-11 19:00:00+00:00,325.19000244140625,325.7099914550781,324.6600036621094,325.54998779296875,843756
2025-06-11 19:05:00+00:00,324.8999938964844,325.5899963378906,324.30999755859375,325.1700134277344,830948
2025-06-11 19:10:00+00:00,324.8699951171875,325.139892578125,324.4599914550781,324.8537902832031,598611
2025-06-11 19:15:00+00:00,324.2550048828125,325.2900085449219,323.8999938964844,324.80999755859375,917408
2025-06-11 19:20:00+00:00,325.2099914550781,325.44000244140625,323.80999755859375,324.2900085449219,1053943
2025-06-11 19:25:00+00:00,324.94000244140625,325.7900085449219,324.6300048828125,325.2008056640625,1093932
2025-06-11 19:30:00+00:00,323.5450134277344,325.1700134277344,323.5115051269531,324.7850036621094,1002494
2025-06-11 19:35:00+00:00,324.4100036621094,324.7200012207031,323.2200012207031,323.5450134277344,1162816
2025-06-11 19:40:00+00:00,324.80999755859375,325.0400085449219,323.8500061035156,324.4200134277344,1104518
2025-06-11 19:45:00+00:00,325.1474914550781,325.70001220703125,324.7900085449219,324.80999755859375,1238411
2025-06-11 19:50:00+00:00,326.3699951171875,326.739990234375,325.0799865722656,325.20001220703125,1821169
2025-06-11 19:55:00+00:00,326.489990234375,326.6499938964844,326.1600036621094,326.427490234375,1965084
2025-06-12 13:30:00+00:00,324.3507080078125,325.32989501953125,322.7699890136719,323.07501220703125,7250993
2025-06-12 13:35:00+00:00,327.8349914550781,328.0,322.9599914550781,323.7099914550781,3136745
2025-06-12 13:40:00+00:00,327.55999755859375,329.3528137207031,326.8900146484375,327.7300109863281,2834825
2025-06-12 13:45:00+00:00,326.05499267578125,327.6787109375,324.9010009765625,327.54998779296875,2248265
2025-06-12 13:50:00+00:00,325.7099914550781,327.32000732421875,325.3999938964844,326.0199890136719,1736623
2025-06-12 13:55:00+00:00,326.29998779296875,326.69879150390625,324.8999938964844,325.69000244140625,1319956
2025-06-12 14:00:00+00:00,324.8800048828125,326.8299865722656,324.1200866699219,326.32000732421875,1558349
2025-06-12 14:05:00+00:00,326.1199951171875,326.6499938964844,324.8450012207031,326.42999267578125,1484156
2025-06-12 14:10:00+00:00,327.1650085449219,327.84930419921875,326.07000732421875,326.1400146484375,1572763
2025-06-12 14:15:00+00:00,326.0000915527344,328.239990234375,325.75,328.010009765625,1582471
2025-06-12 14:20:00+00:00,326.1549987792969,326.2300109863281,324.69000244140625,326.0350036621094,1351913
2025-06-12 14:25:00+00:00,326.489990234375,326.70001220703125,325.3999938964844,326.1449890136719,1026773
2025-06-12 14:30:00+00:00,325.57000732421875,326.8583068847656,325.2099914550781,326.5299987792969,1028555
2025-06-12 14:35:00+00:00,325.5,326.1698913574219,325.0101013183594,325.5350036621094,828272
2025-06-12 14:40:00+00:00,324.94000244140625,326.1300048828125,324.6000061035156,325.5299987792969,1142243
2025-06-12 14:45:00+00:00,324.30059814453125,325.3775939941406,323.8900146484375,324.96270751953125,1351522
2025-06-12 14:50:00+00:00,325.3905029296875,325.55999755859375,324.25,324.3175964355469,948467
2025-06-12 14:55:00+00:00,326.1000061035156,326.2200012207031,324.9010009765625,325.4436950683594,988873
2025-06-12 15:00:00+00:00,326.19500732421875,326.9100036621094,325.5799865722656,326.0914001464844,1077916
2025-06-12 15:05:00+00:00,327.3999938964844,328.1000061035156,326.1499938964844,326.2200012207031,1515001
2025-06-12 15:10:00+00:00,327.9193115234375,328.239990234375,326.94000244140625,327.45330810546875,1184159
2025-06-12 15:15:00+00:00,326.8500061035156,328.7499084472656,326.5,327.9200134277344,1445259
2025-06-12 15:20:00+00:00,325.8550109863281,327.3876953125,325.29998779296875,326.8450012207031,1176336
2025-06-12 15:25:00+00:00,326.3999938964844,326.6000061035156,325.3699951171875,325.864990234375,983917
2025-06-12 15:30:00+00:00,326.385009765625,326.7655944824219,325.9599914550781,326.3599853515625,706088
2025-06-12 15:35:00+00:00,326.7489929199219,327.2850036621094,326.2699890136719,326.3385925292969,672339
2025-06-12 15:40:00+00:00,325.7629089355469,326.7799987792969,325.54998779296875,326.7699890136719,640330
2025-06-12 15:45:00+00:00,325.2749938964844,326.0799865722656,325.18670654296875,325.7663879394531,617681
2025-06-12 15:50:00+00:00,327.3599853515625,327.6000061035156,325.04998779296875,325.30999755859375,1334390
2025-06-12 15:55:00+00:00,326.7449951171875,327.6899108886719,326.4100036621094,327.3599853515625,1217716
2025-06-12 16:00:00+00:00,329.8500061035156,332.54998779296875,326.6908874511719,326.7449951171875,4154812
2025-06-12 16:05:00+00:00,329.25,330.94989013671875,328.7200012207031,329.760009765625,1893275
2025-06-12 16:10:00+00:00,329.9299011230469,330.2391052246094,329.1300048828125,329.3399963378906,1302552
2025-06-12 16:15:00+00:00,328.7200012207031,330.0,328.4200134277344,329.9049987792969,1041499
2025-06-12 16:20:00+00:00,326.94989013671875,328.82989501953125,326.53009033203125,328.75,1343682
2025-06-12 16:25:00+00:00,326.3699951171875,327.4200134277344,326.0899963378906,326.8949890136719,1282410
2025-06-12 16:30:00+00:00,325.6050109863281,326.5293884277344,324.4200134277344,326.3800048828125,1745988
2025-06-12 16:35:00+00:00,325.4750061035156,326.1000061035156,324.8299865722656,325.5799865722656,1481066
2025-06-12 16:40:00+00:00,325.4599914550781,325.6098937988281,324.7701110839844,325.4599914550781,771539
2025-06-12 16:45:00+00:00,324.29998779296875,326.0476989746094,323.8800048828125,325.42498779296875,1375020
2025-06-12 16:50:00+00:00,323.7777099609375,324.32000732421875,323.510009765625,324.2699890136719,1219368
2025-06-12 16:55:00+00:00,324.14080810546875,324.57000732421875,323.67120361328125,323.739990234375,833758
2025-06-12 17:00:00+00:00,324.0,324.7900085449219,323.55999755859375,324.19500732421875,949016
2025-06-12 17:05:00+00:00,324.9755859375,325.05999755859375,323.75,324.010009765625,760836
2025-06-12 17:10:00+00:00,325.302001953125,325.55999755859375,324.8500061035156,324.95001220703125,885272
2025-06-12 17:15:00+00:00,325.0085144042969,325.6099853515625,324.82000732421875,325.3599853515625,631762
2025-06-12 17:20:00+00:00,324.7637939453125,325.2691955566406,324.45001220703125,324.9700012207031,509656
2025-06-12 17:25:00+00:00,325.09210205078125,325.29998779296875,324.5199890136719,324.70001220703125,453677
2025-06-12 17:30:00+00:00,325.3949890136719,325.45001220703125,325.05999755859375,325.0849914550781,409968
2025-06-12 17:35:00+00:00,325.55999755859375,325.7699890136719,325.239990234375,325.4316101074219,462521
2025-06-12 17:40:00+00:00,323.8800048828125,325.59991455078125,323.760009765625,325.55499267578125,1039722
2025-06-12 17:45:00+00:00,322.7799987792969,324.026611328125,321.8500061035156,323.9100036621094,1581470
2025-06-12 17:50:00+00:00,322.5591125488281,323.2799987792969,322.3699951171875,322.760009765625,822320
2025-06-12 17:55:00+00:00,322.8900146484375,323.1600036621094,322.04998779296875,322.5150146484375,831115
2025-06-12 18:00:00+00:00,322.7300109863281,323.05999755859375,322.25,322.8500061035156,562735
2025-06-12 18:05:00+00:00,322.7325134277344,323.0199890136719,322.5299987792969,322.7250061035156,428868
2025-06-12 18:10:00+00:00,322.510009765625,323.3800048828125,322.3999938964844,322.70001220703125,698918
2025-06-12 18:15:00+00:00,322.0,322.88970947265625,321.3299865722656,322.3999938964844,1017200
2025-06-12 18:20:00+00:00,319.92498779296875,322.01141357421875,319.4800109863281,321.9800109863281,1713446
2025-06-12 18:25:00+00:00,319.6600036621094,320.2200012207031,319.1000061035156,319.89801025390625,1373477
2025-06-12 18:30:00+00:00,320.0899963378906,320.3999938964844,319.44000244140625,319.69500732421875,1035044
2025-06-12 18:35:00+00:00,320.368408203125,320.6300048828125,320.0400085449219,320.1199951171875,1086851
2025-06-12 18:40:00+00:00,318.80999755859375,320.7699890136719,318.7699890136719,320.3599853515625,1427273
2025-06-12 18:45:00+00:00,318.9587097167969,319.3934020996094,318.67999267578125,318.7869873046875,1009910
2025-06-12 18:50:00+00:00,319.0899963378906,319.5899963378906,318.7804870605469,318.9200134277344,784282
2025-06-12 18:55:00+00:00,319.4100036621094,319.5400085449219,318.94000244140625,319.0877990722656,826506
2025-06-12 19:00:00+00:00,319.1900939941406,319.44000244140625,318.4700012207031,319.13250732421875,1088295
2025-06-12 19:05:00+00:00,317.9104919433594,319.289306640625,317.70001220703125,319.239501953125,1268652
2025-06-12 19:10:00+00:00,317.5400085449219,318.0,316.8800048828125,317.94000244140625,1624164
2025-06-12 19:15:00+00:00,319.239990234375,319.3999938964844,317.4100036621094,317.5028991699219,1599439
2025-06-12 19:20:00+00:00,319.32000732421875,319.9399108886719,318.760009765625,319.2550048828125,1323581
2025-06-12 19:25:00+00:00,319.5,319.8699951171875,319.0400085449219,319.3500061035156,984789
2025-06-12 19:30:00+00:00,319.0799865722656,319.7900085449219,318.7900085449219,319.4342041015625,1075222
2025-06-12 19:35:00+00:00,319.0199890136719,319.3699951171875,318.3599853515625,319.1025085449219,825955
2025-06-12 19:40:00+00:00,319.32000732421875,319.6199951171875,318.660888671875,318.989990234375,955698
2025-06-12 19:45:00+00:00,319.375,319.4200134277344,318.760009765625,319.29998779296875,1013421
2025-06-12 19:50:00+00:00,318.8900146484375,319.6600036621094,318.6000061035156,319.30999755859375,1215064
2025-06-12 19:55:00+00:00,319.17498779296875,319.3800048828125,318.8500061035156,318.92999267578125,1570052
2025-06-13 13:30:00+00:00,316.8800048828125,317.5,313.29998779296875,314.0,7920508
2025-06-13 13:35:00+00:00,317.3861999511719,318.2898864746094,316.05999755859375,316.7749938964844,2230586
2025-06-13 13:40:00+00:00,317.3399963378906,318.5,316.45001220703125,317.3999938964844,1931796
2025-06-13 13:45:00+00:00,318.4800109863281,319.19000244140625,317.03009033203125,317.3299865722656,1913857
2025-06-13 13:50:00+00:00,318.0899963378906,320.3399963378906,317.9100036621094,318.44000244140625,2276227
2025-06-13 13:55:00+00:00,316.20001220703125,318.23919677734375,315.8999938964844,318.13848876953125,2046885
2025-06-13 14:00:00+00:00,317.0950012207031,317.989013671875,315.5810852050781,316.1650085449219,2234807
2025-06-13 14:05:00+00:00,317.939697265625,319.0,316.3699951171875,317.1072082519531,1643527
2025-06-13 14:10:00+00:00,316.8301086425781,318.1499938964844,316.60009765625,317.8999938964844,1362397
2025-06-13 14:15:00+00:00,315.4549865722656,316.84149169921875,315.3299865722656,316.79998779296875,1504553
2025-06-13 14:20:00+00:00,315.69000244140625,315.7398986816406,314.2799987792969,315.4892883300781,1982475
2025-06-13 14:25:00+00:00,314.45001220703125,316.039306640625,314.29998779296875,315.69158935546875,1309198
2025-06-13 14:30:00+00:00,316.0299987792969,316.17999267578125,314.0199890136719,314.4800109863281,1466188
2025-06-13 14:35:00+00:00,316.7650146484375,317.32000732421875,316.0199890136719,316.0799865722656,1227908
2025-06-13 14:40:00+00:00,316.5981140136719,318.1600036621094,316.260009765625,316.7850036621094,1387847
2025-06-13 14:45:00+00:00,315.9150085449219,317.25,315.7637939453125,316.57501220703125,1060129
2025-06-13 14:50:00+00:00,316.32000732421875,316.6499938964844,315.6600036621094,315.8900146484375,821326
2025-06-13 14:55:00+00:00,317.0,317.3340148925781,316.17999267578125,316.2749938964844,787151
2025-06-13 15:00:00+00:00,318.4179992675781,318.70001220703125,316.9100036621094,317.010009765625,1104701
2025-06-13 15:05:00+00:00,319.1299133300781,319.7799987792969,318.239990234375,318.4049987792969,1265206
2025-06-13 15:10:00+00:00,319.6700134277344,319.7799987792969,318.66009521484375,319.0788879394531,1148648
2025-06-13 15:15:00+00:00,318.94000244140625,320.0799865722656,318.6600036621094,319.63641357421875,1183750
2025-06-13 15:20:00+00:00,319.360107421875,320.3900146484375,318.802001953125,318.9049987792969,1175149
2025-06-13 15:25:00+00:00,318.8500061035156,319.4100036621094,318.2099914550781,319.385009765625,973370
2025-06-13 15:30:00+00:00,319.9649963378906,320.1000061035156,318.6600036621094,318.8999938964844,852276
2025-06-13 15:35:00+00:00,321.2344055175781,321.4200134277344,319.5180969238281,319.9353942871094,1469586
2025-06-13 15:40:00+00:00,320.94500732421875,321.3999938964844,320.6300964355469,321.2300109863281,855741
2025-06-13 15:45:00+00:00,320.20928955078125,321.05999755859375,320.0,320.95050048828125,781349
2025-06-13 15:50:00+00:00,320.4767150878906,320.69000244140625,320.1199951171875,320.2206115722656,693346
2025-06-13 15:55:00+00:00,320.614990234375,320.8500061035156,319.7900085449219,320.45001220703125,876937
2025-06-13 16:00:00+00:00,320.0,320.9490966796875,319.42999267578125,320.5899963378906,826754
2025-06-13 16:05:00+00:00,319.65130615234375,320.29998779296875,319.5199890136719,320.0299987792969,490762
2025-06-13 16:10:00+00:00,321.2701110839844,321.5,319.5705871582031,319.6499938964844,974228
2025-06-13 16:15:00+00:00,320.7461853027344,321.3489990234375,320.55010986328125,321.2699890136719,905003
2025-06-13 16:20:00+00:00,324.9400939941406,325.6600036621094,320.15380859375,320.7300109863281,3672289
2025-06-13 16:25:00+00:00,324.55999755859375,325.5,323.70001220703125,324.8992004394531,2255167
2025-06-13 16:30:00+00:00,325.8550109863281,326.3900146484375,323.3299865722656,324.54998779296875,1940862
2025-06-13 16:35:00+00:00,326.7001037597656,327.8500061035156,325.818603515625,325.8550109863281,2336907
2025-06-13 16:40:00+00:00,326.99359130859375,327.1499938964844,326.010009765625,326.70001220703125,1328878
2025-06-13 16:45:00+00:00,327.010009765625,327.2493896484375,325.7799987792969,326.9700012207031,1359827
2025-06-13 16:50:00+00:00,328.44000244140625,328.7099914550781,326.8299865722656,327.0299987792969,1728070
2025-06-13 16:55:00+00:00,329.6946105957031,330.34991455078125,328.2650146484375,328.4200134277344,2649963
2025-06-13 17:00:00+00:00,330.80499267578125,331.3299865722656,329.55999755859375,329.6700134277344,2359951
2025-06-13 17:05:00+00:00,331.3389892578125,331.64990234375,329.6099853515625,330.80499267578125,2355622
2025-06-13 17:10:00+00:00,330.6072082519531,331.55999755859375,329.510009765625,331.3821105957031,1559104
2025-06-13 17:15:00+00:00,331.0400085449219,331.3900146484375,329.92010498046875,330.6199951171875,1467938
2025-06-13 17:20:00+00:00,332.5299987792969,332.9700012207031,330.989990234375,331.0675964355469,2426955
2025-06-13 17:25:00+00:00,332.1600036621094,332.69000244140625,331.45001220703125,332.52880859375,1159799
2025-06-13 17:30:00+00:00,330.9599914550781,332.9800109863281,330.82000732421875,332.1993103027344,1535482
2025-06-13 17:35:00+00:00,330.55999755859375,331.5199890136719,330.2200012207031,330.9599914550781,1321079
2025-06-13 17:40:00+00:00,331.9800109863281,332.152099609375,330.1099853515625,330.55999755859375,1395996
2025-06-13 17:45:00+00:00,331.0199890136719,332.3999938964844,330.45001220703125,331.9674987792969,1180865
2025-06-13 17:50:00+00:00,332.19000244140625,332.57989501953125,330.6600036621094,331.06500244140625,1393192
2025-06-13 17:55:00+00:00,332.3599853515625,332.5400085449219,331.71978759765625,332.20001220703125,849984
2025-06-13 18:00:00+00:00,330.9100036621094,332.489990234375,330.4700927734375,332.3699951171875,1139200
2025-06-13 18:05:00+00:00,330.0566101074219,331.54998779296875,329.4200134277344,330.9800109863281,1531724
2025-06-13 18:10:00+00:00,328.5299987792969,330.25,328.3500061035156,330.05999755859375,1571623
2025-06-13 18:15:00+00:00,328.45001220703125,328.5899963378906,327.0299987792969,328.510009765625,1993930
2025-06-13 18:20:00+00:00,327.9200134277344,328.75,327.6499938964844,328.43719482421875,1464037
2025-06-13 18:25:00+00:00,326.9159851074219,328.25,326.2799987792969,327.9284973144531,1440893
2025-06-13 18:30:00+00:00,324.9870910644531,327.0299987792969,324.4100036621094,326.8599853515625,1952946
2025-06-13 18:35:00+00:00,323.9150085449219,325.27099609375,323.489990234375,324.94000244140625,1748415
2025-06-13 18:40:00+00:00,324.1000061035156,324.9599914550781,323.25,323.94000244140625,1408528
2025-06-13 18:45:00+00:00,323.9800109863281,325.260009765625,323.6400146484375,324.19000244140625,1404765
2025-06-13 18:50:00+00:00,325.8450012207031,325.8800048828125,323.78009033203125,323.94000244140625,1794727
2025-06-13 18:55:00+00:00,325.82000732421875,326.6199951171875,324.93011474609375,325.8080139160156,1435913
2025-06-13 19:00:00+00:00,325.7731018066406,326.2799987792969,325.3599853515625,325.79998779296875,1031740
2025-06-13 19:05:00+00:00,327.9549865722656,328.17999267578125,325.6499938964844,325.7950134277344,1601865
2025-06-13 19:10:00+00:00,328.8699951171875,329.239990234375,327.79998779296875,327.989990234375,1884728
2025-06-13 19:15:00+00:00,327.8772888183594,329.6400146484375,327.6216125488281,328.94000244140625,1862445
2025-06-13 19:20:00+00:00,327.1700134277344,328.55999755859375,327.1400146484375,327.79998779296875,1178749
2025-06-13 19:25:00+00:00,327.0450134277344,327.70001220703125,326.6878967285156,327.17498779296875,1146662
2025-06-13 19:30:00+00:00,326.0517883300781,327.8399963378906,325.80010986328125,327.0400085449219,1247265
2025-06-13 19:35:00+00:00,327.2300109863281,327.989990234375,325.6099853515625,326.0849914550781,1483594
2025-06-13 19:40:00+00:00,326.25,327.5799865722656,326.0,327.2349853515625,1065060
2025-06-13 19:45:00+00:00,324.8399963378906,326.3999938964844,324.6600036621094,326.2699890136719,1741416
2025-06-13 19:50:00+00:00,325.0975036621094,325.9700012207031,324.5199890136719,324.8900146484375,1538617
2025-06-13 19:55:00+00:00,325.3500061035156,325.8699951171875,324.20001220703125,324.7300109863281,2421007
2025-06-16 13:30:00+00:00,328.10980224609375,332.04998779296875,326.79998779296875,331.17999267578125,7012262
2025-06-16 13:35:00+00:00,328.82501220703125,329.29998779296875,326.4100036621094,328.20989990234375,2598219
2025-06-16 13:40:00+00:00,328.7200012207031,329.9200134277344,328.0299987792969,328.82501220703125,2068289
2025-06-16 13:45:00+00:00,328.9020080566406,329.7200012207031,327.3999938964844,328.7900085449219,1959693
2025-06-16 13:50:00+00:00,328.3193054199219,329.7799987792969,327.739990234375,328.864990234375,1671143
2025-06-16 13:55:00+00:00,327.5,329.67999267578125,327.4800109863281,328.3699951171875,1598897
2025-06-16 14:00:00+00:00,328.59991455078125,328.82000732421875,326.5101013183594,327.52459716796875,2042766
2025-06-16 14:05:00+00:00,330.0899963378906,331.0,328.5,328.57489013671875,2238274
2025-06-16 14:10:00+00:00,329.9374084472656,330.5132141113281,328.8301086425781,330.010009765625,1524592
2025-06-16 14:15:00+00:00,330.1799011230469,330.689208984375,329.45001220703125,329.94500732421875,1189967
2025-06-16 14:20:00+00:00,330.1600036621094,330.5,329.69000244140625,330.1799011230469,932840
2025-06-16 14:25:00+00:00,330.04998779296875,330.30999755859375,329.1300048828125,330.19000244140625,978648
2025-06-16 14:30:00+00:00,330.6693115234375,330.95001220703125,329.75,330.0,1107651
2025-06-16 14:35:00+00:00,331.0325012207031,331.20001220703125,329.55999755859375,330.70001220703125,1497102
2025-06-16 14:40:00+00:00,330.0150146484375,331.1600036621094,329.3999938964844,331.04998779296875,1127207
2025-06-16 14:45:00+00:00,329.3900146484375,330.1600036621094,328.8500061035156,329.9764099121094,1004408
2025-06-16 14:50:00+00:00,329.1413879394531,329.8399963378906,328.6099853515625,329.3900146484375,874635
2025-06-16 14:55:00+00:00,330.2131042480469,330.2300109863281,329.0199890136719,329.1300048828125,951196
2025-06-16 15:00:00+00:00,329.239990234375,330.32000732421875,328.92999267578125,330.2200012207031,828877
2025-06-16 15:05:00+00:00,328.8900146484375,329.4939880371094,328.3500061035156,329.2300109863281,918496
2025-06-16 15:10:00+00:00,330.739990234375,330.8999938964844,328.8500061035156,328.910400390625,1267398
2025-06-16 15:15:00+00:00,330.9211120605469,331.3340148925781,330.5,330.7099914550781,1346737
2025-06-16 15:20:00+00:00,330.10040283203125,331.0,329.760009765625,330.9100036621094,852186
2025-06-16 15:25:00+00:00,330.2206115722656,330.37200927734375,329.6199951171875,330.1400146484375,659520
2025-06-16 15:30:00+00:00,329.95001220703125,330.8894958496094,329.6000061035156,330.25,699691
2025-06-16 15:35:00+00:00,329.09100341796875,330.0899963378906,328.8800048828125,329.989990234375,755082
2025-06-16 15:40:00+00:00,329.2485046386719,329.6893005371094,328.718505859375,329.03009033203125,632374
2025-06-16 15:45:00+00:00,330.3393859863281,330.3900146484375,329.0,329.2349853515625,635282
2025-06-16 15:50:00+00:00,329.28680419921875,330.3699951171875,329.0799865722656,330.3399963378906,545800
2025-06-16 15:55:00+00:00,330.6449890136719,330.75,329.1803894042969,329.2900085449219,878957
2025-06-16 16:00:00+00:00,330.1700134277344,330.94000244140625,329.8949890136719,330.610595703125,703701
2025-06-16 16:05:00+00:00,330.4200134277344,330.44000244140625,329.739990234375,330.19500732421875,491303
2025-06-16 16:10:00+00:00,330.47698974609375,330.70001220703125,330.2799987792969,330.44000244140625,471681
2025-06-16 16:15:00+00:00,330.6499938964844,331.1199951171875,330.25,330.4750061035156,705101
2025-06-16 16:20:00+00:00,331.4200134277344,331.7300109863281,330.260009765625,330.6099853515625,965376
2025-06-16 16:25:00+00:00,331.32000732421875,331.6000061035156,330.79998779296875,331.3599853515625,722956
2025-06-16 16:30:00+00:00,330.95001220703125,331.34210205078125,330.5,331.29998779296875,577015
2025-06-16 16:35:00+00:00,330.92999267578125,331.20001220703125,330.5299987792969,330.92010498046875,480000
2025-06-16 16:40:00+00:00,330.1000061035156,330.9700012207031,329.79998779296875,330.9599914550781,805881
2025-06-16 16:45:00+00:00,329.99700927734375,330.239013671875,329.54998779296875,330.1499938964844,698518
2025-06-16 16:50:00+00:00,330.7349853515625,331.04998779296875,329.79998779296875,330.0692138671875,695205
2025-06-16 16:55:00+00:00,330.5,331.1199951171875,330.2799987792969,330.70001220703125,620123
2025-06-16 17:00:00+00:00,330.1700134277344,330.69000244140625,329.989990234375,330.4849853515625,462650
2025-06-16 17:05:00+00:00,330.3900146484375,330.6499938964844,329.67999267578125,330.19000244140625,562582
2025-06-16 17:10:00+00:00,329.8392028808594,330.56988525390625,329.4599914550781,330.3599853515625,646343
2025-06-16 17:15:00+00:00,329.6650085449219,329.82879638671875,328.7500915527344,329.79998779296875,901968
2025-06-16 17:20:00+00:00,329.5799865722656,330.1300048828125,329.45001220703125,329.6650085449219,519354
2025-06-16 17:25:00+00:00,329.239990234375,330.0199890136719,329.010009765625,329.5799865722656,598757
2025-06-16 17:30:00+00:00,329.23748779296875,329.5,328.8999938964844,329.1650085449219,548124
2025-06-16 17:35:00+00:00,329.44000244140625,329.8500061035156,329.1400146484375,329.2900085449219,485098
2025-06-16 17:40:00+00:00,329.625,329.94940185546875,329.1499938964844,329.44000244140625,443921
2025-06-16 17:45:00+00:00,330.1300048828125,330.2998962402344,329.5801086425781,329.6050109863281,613328
2025-06-16 17:50:00+00:00,329.30010986328125,330.260009765625,329.29998779296875,330.1199951171875,401260
2025-06-16 17:55:00+00:00,327.8800048828125,329.54998779296875,327.67999267578125,329.29998779296875,1096815
2025-06-16 18:00:00+00:00,328.04998779296875,328.1499938964844,327.2099914550781,327.8399963378906,1071043
2025-06-16 18:05:00+00:00,327.94500732421875,328.34991455078125,327.29998779296875,328.0150146484375,767996
2025-06-16 18:10:00+00:00,328.54998779296875,328.70001220703125,327.7799987792969,327.9700012207031,1169014
2025-06-16 18:15:00+00:00,329.0060119628906,329.1600036621094,328.25,328.565185546875,563474
2025-06-16 18:20:00+00:00,329.614990234375,329.8500061035156,328.510009765625,328.9800109863281,803927
2025-06-16 18:25:00+00:00,330.3999938964844,330.5799865722656,329.5921936035156,329.6792907714844,944582
2025-06-16 18:30:00+00:00,329.8900146484375,330.6784973144531,329.57000732421875,330.3999938964844,739915
2025-06-16 18:35:00+00:00,330.0350036621094,330.2149963378906,329.840087890625,329.94000244140625,460268
2025-06-16 18:40:00+00:00,329.9700012207031,330.1499938964844,329.7200012207031,330.07000732421875,346884
2025-06-16 18:45:00+00:00,329.0199890136719,330.0,328.860107421875,329.989990234375,615195
2025-06-16 18:50:00+00:00,328.54998779296875,329.25,328.3299865722656,329.010009765625,737594
2025-06-16 18:55:00+00:00,328.8399963378906,329.20001220703125,328.44000244140625,328.6300048828125,706396
2025-06-16 19:00:00+00:00,328.39678955078125,329.1099853515625,327.9599914550781,328.79998779296875,718814
2025-06-16 19:05:00+00:00,328.3349914550781,328.79998779296875,328.1337890625,328.3999938964844,561047
2025-06-16 19:10:00+00:00,328.3500061035156,328.44000244140625,327.7101135253906,328.30999755859375,632522
2025-06-16 19:15:00+00:00,329.3800048828125,329.5400085449219,328.2200012207031,328.32501220703125,949796
2025-06-16 19:20:00+00:00,329.3349914550781,329.8500061035156,328.6199951171875,329.375,828034
2025-06-16 19:25:00+00:00,329.6199951171875,329.9700012207031,329.20001220703125,329.3599853515625,572569
2025-06-16 19:30:00+00:00,329.0,329.95001220703125,328.92999267578125,329.54998779296875,684261
2025-06-16 19:35:00+00:00,328.9599914550781,329.6000061035156,328.8500061035156,329.0469055175781,559762
2025-06-16 19:40:00+00:00,329.3500061035156,329.45001220703125,328.5199890136719,328.901611328125,753682
2025-06-16 19:45:00+00:00,329.6293029785156,329.75,329.07000732421875,329.3800048828125,1219005
2025-06-16 19:50:00+00:00,329.260009765625,329.989990234375,328.6200866699219,329.6099853515625,1212906
2025-06-16 19:55:00+00:00,329.1099853515625,329.4200134277344,328.79998779296875,329.2900085449219,1516249
2025-06-17 13:30:00+00:00,326.2998962402344,327.260009765625,324.1700134277344,326.0199890136719,4724410
2025-06-17 13:35:00+00:00,325.2200012207031,326.5,324.7799987792969,326.29998779296875,1559660
2025-06-17 13:40:00+00:00,321.3673095703125,325.6499938964844,320.760009765625,325.2195129394531,2724945
2025-06-17 13:45:00+00:00,322.55419921875,322.9100036621094,320.15008544921875,321.3699035644531,2316838
2025-06-17 13:50:00+00:00,322.7265930175781,323.7300109863281,322.2900085449219,322.54998779296875,1633474
2025-06-17 13:55:00+00:00,323.1700134277344,323.9700012207031,322.3500061035156,322.6400146484375,1403066
2025-06-17 14:00:00+00:00,322.66290283203125,323.6600036621094,322.5946044921875,323.20001220703125,1141304
2025-06-17 14:05:00+00:00,323.1405029296875,323.4700012207031,322.1300048828125,322.7099914550781,1119551
2025-06-17 14:10:00+00:00,324.07000732421875,324.5,323.07000732421875,323.20001220703125,1479171
2025-06-17 14:15:00+00:00,323.4200134277344,324.7099914550781,323.20001220703125,324.06500244140625,1160493
2025-06-17 14:20:00+00:00,322.94000244140625,323.6791076660156,322.5,323.44000244140625,980372
2025-06-17 14:25:00+00:00,322.95001220703125,323.3999938964844,322.610107421875,322.9599914550781,685617
2025-06-17 14:30:00+00:00,323.6499938964844,324.0450134277344,322.8999938964844,322.8999938964844,813839
2025-06-17 14:35:00+00:00,323.76300048828125,324.25,323.04998779296875,323.6300048828125,730394
2025-06-17 14:40:00+00:00,323.6199951171875,323.989990234375,323.3999938964844,323.79998779296875,568952
2025-06-17 14:45:00+00:00,323.93011474609375,324.489990234375,323.4800109863281,323.5780029296875,712716
2025-06-17 14:50:00+00:00,322.9739990234375,324.19989013671875,322.70001220703125,323.9859924316406,887869
2025-06-17 14:55:00+00:00,322.0899963378906,323.19000244140625,321.8399963378906,322.9599914550781,1119004
2025-06-17 15:00:00+00:00,322.510009765625,322.5400085449219,321.55999755859375,322.07000732421875,1127618
2025-06-17 15:05:00+00:00,322.5249938964844,322.83160400390625,322.04998779296875,322.5303955078125,744934
2025-06-17 15:10:00+00:00,322.6600036621094,323.1000061035156,322.3500061035156,322.5436096191406,670738
2025-06-17 15:15:00+00:00,321.0899963378906,322.75,321.04998779296875,322.6549987792969,1041056
2025-06-17 15:20:00+00:00,320.6022033691406,321.1700134277344,319.6499938964844,321.09521484375,1828840
2025-06-17 15:25:00+00:00,320.1199951171875,320.7300109863281,319.45001220703125,320.6000061035156,1200522
2025-06-17 15:30:00+00:00,319.1199951171875,320.29998779296875,318.79998779296875,320.114990234375,1720817
2025-06-17 15:35:00+00:00,317.7799987792969,319.2300109863281,317.5,319.1199951171875,1911601
2025-06-17 15:40:00+00:00,319.05999755859375,319.1300048828125,317.6300048828125,317.7699890136719,1563672
2025-06-17 15:45:00+00:00,319.1400146484375,319.2146911621094,318.6499938964844,319.04998779296875,935784
2025-06-17 15:50:00+00:00,318.989990234375,319.57000732421875,318.3700866699219,319.1459045410156,1031881
2025-06-17 15:55:00+00:00,318.6549987792969,319.0863037109375,317.95001220703125,319.0,801194
2025-06-17 16:00:00+00:00,319.7099914550781,319.7792053222656,318.54998779296875,318.67999267578125,848257
2025-06-17 16:05:00+00:00,320.4049072265625,320.92999267578125,319.6600036621094,319.69000244140625,1137425
2025-06-17 16:10:00+00:00,321.20001220703125,321.2060852050781,320.3349914550781,320.42498779296875,826833
2025-06-17 16:15:00+00:00,321.4200134277344,321.54998779296875,320.94000244140625,321.2054138183594,943088
2025-06-17 16:20:00+00:00,320.7200012207031,321.7298889160156,320.6400146484375,321.4515075683594,849450
2025-06-17 16:25:00+00:00,320.94000244140625,321.3800048828125,320.6600036621094,320.7449951171875,560337
2025-06-17 16:30:00+00:00,320.8599853515625,321.2799987792969,320.739990234375,320.989990234375,468485
2025-06-17 16:35:00+00:00,320.7904968261719,321.1499938964844,320.7002868652344,320.8900146484375,356904
2025-06-17 16:40:00+00:00,319.9075012207031,320.8399963378906,319.6400146484375,320.739990234375,824486
2025-06-17 16:45:00+00:00,319.3179931640625,320.3999938964844,319.0899963378906,319.8299865722656,692949
2025-06-17 16:50:00+00:00,319.239990234375,319.6300048828125,318.9700012207031,319.3299865722656,738765
2025-06-17 16:55:00+00:00,318.3940124511719,319.3500061035156,318.12109375,319.2300109863281,914432
2025-06-17 17:00:00+00:00,318.7250061035156,319.04998779296875,317.3399963378906,318.36639404296875,1453090
2025-06-17 17:05:00+00:00,318.81500244140625,318.8800048828125,317.8500061035156,318.7145080566406,887774
2025-06-17 17:10:00+00:00,319.0450134277344,319.3988952636719,318.81500244140625,318.81500244140625,696637
2025-06-17 17:15:00+00:00,318.8500061035156,319.1191101074219,318.6099853515625,319.0450134277344,458493
2025-06-17 17:20:00+00:00,318.3599853515625,319.0400085449219,318.010009765625,318.8900146484375,550882
2025-06-17 17:25:00+00:00,318.5849914550781,318.8500061035156,318.0799865722656,318.3500061035156,578718
2025-06-17 17:30:00+00:00,319.5400085449219,319.8599853515625,317.8999938964844,318.5299987792969,975330
2025-06-17 17:35:00+00:00,319.4649963378906,320.69000244140625,319.3599853515625,319.5249938964844,955180
2025-06-17 17:40:00+00:00,319.0299987792969,319.8916931152344,318.85101318359375,319.4649963378906,636709
2025-06-17 17:45:00+00:00,317.6600036621094,319.1871032714844,317.2503967285156,319.010009765625,1048001
2025-06-17 17:50:00+00:00,317.8500061035156,318.30999755859375,316.6000061035156,317.6000061035156,1304533
2025-06-17 17:55:00+00:00,317.1400146484375,318.19000244140625,317.1127014160156,317.8900146484375,667600
2025-06-17 18:00:00+00:00,316.6700134277344,317.260009765625,316.30999755859375,317.1400146484375,1071249
2025-06-17 18:05:00+00:00,315.92999267578125,317.04998779296875,315.3800048828125,316.70001220703125,1330638
2025-06-17 18:10:00+00:00,315.05999755859375,316.25,315.05999755859375,315.9700012207031,1209331
2025-06-17 18:15:00+00:00,315.3417053222656,315.6400146484375,314.75,315.04998779296875,1403995
2025-06-17 18:20:00+00:00,315.72259521484375,316.0986022949219,315.20001220703125,315.3349914550781,976056
2025-06-17 18:25:00+00:00,315.54998779296875,315.91900634765625,315.20001220703125,315.69781494140625,751923
2025-06-17 18:30:00+00:00,316.510009765625,316.5299987792969,315.4200134277344,315.55999755859375,861004
2025-06-17 18:35:00+00:00,316.45001220703125,316.8500061035156,316.2200012207031,316.5400085449219,824375
2025-06-17 18:40:00+00:00,315.968505859375,316.6000061035156,315.55999755859375,316.3999938964844,654816
2025-06-17 18:45:00+00:00,315.7699890136719,316.32940673828125,315.5,315.989990234375,620077
2025-06-17 18:50:00+00:00,316.0024108886719,316.32000732421875,315.6200866699219,315.7300109863281,511137
2025-06-17 18:55:00+00:00,317.3799133300781,317.4800109863281,316.0050048828125,316.0050048828125,959206
2025-06-17 19:00:00+00:00,317.1549987792969,317.6300048828125,316.9421081542969,317.3500061035156,772050
2025-06-17 19:05:00+00:00,316.8887939453125,317.5,316.3399963378906,317.17999267578125,767476
2025-06-17 19:10:00+00:00,317.0400085449219,317.3900146484375,316.4599914550781,316.8599853515625,623421
2025-06-17 19:15:00+00:00,316.5,317.29998779296875,316.30010986328125,317.0400085449219,609805
2025-06-17 19:20:00+00:00,316.9783935546875,317.32000732421875,316.3999938964844,316.4599914550781,604289
2025-06-17 19:25:00+00:00,317.30999755859375,317.4100036621094,316.42999267578125,317.0,689374
2025-06-17 19:30:00+00:00,317.6982116699219,317.82000732421875,317.04150390625,317.3399963378906,761964
2025-06-17 19:35:00+00:00,317.82000732421875,318.17999267578125,317.4649963378906,317.67498779296875,858888
2025-06-17 19:40:00+00:00,317.4700012207031,317.83349609375,317.1400146484375,317.8074951171875,912249
2025-06-17 19:45:00+00:00,318.44000244140625,318.489990234375,317.3742980957031,317.4898986816406,994387
2025-06-17 19:50:00+00:00,317.1300048828125,318.70001220703125,316.5199890136719,318.29998779296875,1459125
2025-06-17 19:55:00+00:00,316.2799987792969,317.39208984375,316.19000244140625,317.1300048828125,2110101
2025-06-18 13:30:00+00:00,316.3999938964844,317.5,315.45001220703125,317.29998779296875,4504189
2025-06-18 13:35:00+00:00,320.48199462890625,320.7300109863281,316.28009033203125,316.3550109863281,2797138
2025-06-18 13:40:00+00:00,321.8299865722656,322.0799865722656,320.3500061035156,320.4596862792969,2632019
2025-06-18 13:45:00+00:00,322.80999755859375,323.59991455078125,321.1099853515625,321.8699951171875,2531102
2025-06-18 13:50:00+00:00,321.79998779296875,323.0994873046875,321.4200134277344,322.8599853515625,1917622
2025-06-18 13:55:00+00:00,323.8500061035156,323.9599914550781,321.70001220703125,321.739990234375,2006776
2025-06-18 14:00:00+00:00,324.30999755859375,325.0899963378906,322.3900146484375,323.9200134277344,2601527
2025-06-18 14:05:00+00:00,323.4609069824219,324.6698913574219,323.3299865722656,324.2641906738281,1587081
2025-06-18 14:10:00+00:00,323.4942932128906,324.30999755859375,323.05999755859375,323.5378112792969,1271037
2025-06-18 14:15:00+00:00,322.8349914550781,323.6400146484375,322.4115905761719,323.55499267578125,1228293
2025-06-18 14:20:00+00:00,323.7749938964844,323.8699951171875,322.6099853515625,322.75,1071213
2025-06-18 14:25:00+00:00,323.3699951171875,323.92999267578125,322.79998779296875,323.73870849609375,898483
2025-06-18 14:30:00+00:00,323.02740478515625,323.57000732421875,322.79010009765625,323.4200134277344,813475
2025-06-18 14:35:00+00:00,323.1199951171875,323.4800109863281,322.25,323.02740478515625,1054017
2025-06-18 14:40:00+00:00,323.2135925292969,324.05999755859375,322.8299865722656,323.1700134277344,1092317
2025-06-18 14:45:00+00:00,323.44500732421875,323.70001220703125,322.6509094238281,323.1908874511719,910141
2025-06-18 14:50:00+00:00,323.3385009765625,323.8500061035156,323.0,323.3999938964844,698873
2025-06-18 14:55:00+00:00,324.010009765625,324.07000732421875,323.2500915527344,323.2806091308594,736145
2025-06-18 15:00:00+00:00,324.1087951660156,324.2900085449219,323.3699951171875,323.9700012207031,868058
2025-06-18 15:05:00+00:00,325.3699951171875,325.39990234375,323.92999267578125,324.1400146484375,1386717
2025-06-18 15:10:00+00:00,325.29998779296875,325.4190979003906,325.0176086425781,325.3976135253906,1308285
2025-06-18 15:15:00+00:00,324.6000061035156,325.2998962402344,324.3800048828125,324.9100036621094,938868
2025-06-18 15:20:00+00:00,324.6499938964844,325.07000732421875,324.44000244140625,324.8999938964844,821476
2025-06-18 15:25:00+00:00,324.989990234375,325.3699951171875,324.6120910644531,324.6120910644531,650235
2025-06-18 15:30:00+00:00,325.1112060546875,325.2383117675781,324.80999755859375,324.8299865722656,483279
2025-06-18 15:35:00+00:00,326.44000244140625,326.69000244140625,326.3599853515625,326.4859924316406,1499720
2025-06-18 15:40:00+00:00,327.0350036621094,327.5199890136719,326.4700012207031,326.92999267578125,2035746
2025-06-18 15:45:00+00:00,327.3200988769531,327.45001220703125,326.90008544921875,327.0350036621094,818173
2025-06-18 15:50:00+00:00,328.659912109375,328.7300109863281,327.2799987792969,327.32220458984375,1588338
2025-06-18 15:55:00+00:00,326.989990234375,329.29998779296875,326.6206970214844,328.6199951171875,2005200
2025-06-18 16:00:00+00:00,326.57000732421875,326.9599914550781,325.72100830078125,326.92999267578125,1553951
2025-06-18 16:05:00+00:00,325.6099853515625,326.6199951171875,325.4200134277344,326.56500244140625,919874
2025-06-18 16:10:00+00:00,325.1824035644531,326.05999755859375,324.79998779296875,325.5580139160156,1008654
2025-06-18 16:15:00+00:00,325.5,326.09991455078125,325.1000061035156,325.19000244140625,766322
2025-06-18 16:20:00+00:00,325.4750061035156,326.1499938964844,325.25,325.4757080078125,646678
2025-06-18 16:25:00+00:00,324.79998779296875,325.8399963378906,324.4451904296875,325.4599914550781,956524
2025-06-18 16:30:00+00:00,324.7749938964844,325.1499938964844,324.3500061035156,324.75,771575
2025-06-18 16:35:00+00:00,324.510009765625,324.889892578125,324.05999755859375,324.760009765625,675616
2025-06-18 16:40:00+00:00,323.239990234375,324.5989990234375,323.1400146484375,324.510009765625,963141
2025-06-18 16:45:00+00:00,323.3399963378906,323.67919921875,323.031005859375,323.2340087890625,927765
2025-06-18 16:50:00+00:00,322.7601013183594,323.760009765625,322.739990234375,323.31500244140625,825700
2025-06-18 16:55:00+00:00,322.5459899902344,323.2099914550781,322.30999755859375,322.8599853515625,802966
2025-06-18 17:00:00+00:00,322.1141052246094,322.6600036621094,321.4779968261719,322.510009765625,1207986
2025-06-18 17:05:00+00:00,322.9700012207031,322.989990234375,321.92999267578125,322.1099853515625,787857
2025-06-18 17:10:00+00:00,323.702392578125,323.95001220703125,322.8900146484375,322.9504089355469,960108
2025-06-18 17:15:00+00:00,323.5299987792969,324.20001220703125,323.4800109863281,323.75,850118
2025-06-18 17:20:00+00:00,322.79998779296875,323.739990234375,322.3327941894531,323.5350036621094,735916
2025-06-18 17:25:00+00:00,321.9649963378906,322.8999938964844,321.79998779296875,322.75,991892
2025-06-18 17:30:00+00:00,320.53228759765625,322.4700012207031,320.3500061035156,322.0400085449219,1428203
2025-06-18 17:35:00+00:00,322.0799865722656,322.12908935546875,320.5,320.56500244140625,986661
2025-06-18 17:40:00+00:00,322.6617126464844,322.8699951171875,321.9100036621094,322.0849914550781,736347
2025-06-18 17:45:00+00:00,322.8599853515625,323.12939453125,322.2200012207031,322.67999267578125,938814
2025-06-18 17:50:00+00:00,323.533203125,323.7200012207031,322.7596130371094,322.8711853027344,697518
2025-06-18 17:55:00+00:00,323.2149963378906,323.7300109863281,322.95001220703125,323.5580139160156,628800
2025-06-18 18:00:00+00:00,322.7900085449219,324.989990234375,322.70001220703125,323.32000732421875,1719280
2025-06-18 18:05:00+00:00,323.68499755859375,324.20001220703125,322.5899963378906,322.739990234375,967425
2025-06-18 18:10:00+00:00,324.36700439453125,324.79998779296875,323.42138671875,323.7200012207031,870106
2025-06-18 18:15:00+00:00,324.1000061035156,325.0,323.9599914550781,324.30010986328125,791638
2025-06-18 18:20:00+00:00,323.4639892578125,324.46051025390625,322.92999267578125,324.0899963378906,833712
2025-06-18 18:25:00+00:00,323.94000244140625,324.0799865722656,323.2200012207031,323.4599914550781,577475
2025-06-18 18:30:00+00:00,324.7900085449219,325.20001220703125,323.4804992675781,323.89239501953125,942207
2025-06-18 18:35:00+00:00,323.5299987792969,324.9200134277344,322.989990234375,324.7793884277344,1055578
2025-06-18 18:40:00+00:00,324.409912109375,324.69989013671875,323.25,323.5049133300781,803863
2025-06-18 18:45:00+00:00,324.20001220703125,324.5199890136719,323.69000244140625,324.4200134277344,598918
2025-06-18 18:50:00+00:00,322.94000244140625,324.2499084472656,322.33990478515625,324.19000244140625,825118
2025-06-18 18:55:00+00:00,321.1542053222656,322.97918701171875,320.5700988769531,322.92999267578125,1397581
2025-06-18 19:00:00+00:00,321.5736083984375,321.714599609375,320.0899963378906,321.1600036621094,1290303
2025-06-18 19:05:00+00:00,321.3349914550781,322.29998779296875,321.0,321.60809326171875,1012619
2025-06-18 19:10:00+00:00,322.8399963378906,323.1899108886719,321.25,321.2799987792969,1101845
2025-06-18 19:15:00+00:00,323.1932067871094,323.45001220703125,322.5585021972656,322.75,814826
2025-06-18 19:20:00+00:00,323.43499755859375,323.95001220703125,323.17999267578125,323.20001220703125,756776
2025-06-18 19:25:00+00:00,322.21710205078125,323.8699951171875,322.2127990722656,323.3999938964844,1017782
2025-06-18 19:30:00+00:00,323.4700012207031,323.70001220703125,321.9100036621094,322.2099914550781,979337
2025-06-18 19:35:00+00:00,323.4849853515625,323.8599853515625,323.0799865722656,323.489013671875,726460
2025-06-18 19:40:00+00:00,324.1897888183594,324.260009765625,323.3999938964844,323.4700012207031,945034
2025-06-18 19:45:00+00:00,323.7283020019531,324.3399963378906,323.6300048828125,324.1300048828125,821977
2025-06-18 19:50:00+00:00,322.760009765625,323.7200012207031,322.1300048828125,323.70001220703125,1296254
2025-06-18 19:55:00+00:00,322.0950012207031,323.05999755859375,321.75,322.7699890136719,1769841
2025-06-20 13:30:00+00:00,330.7550048828125,332.3599853515625,327.0000915527344,327.80999755859375,11204593
2025-06-20 13:35:00+00:00,328.6700134277344,331.67999267578125,327.1000061035156,330.7611999511719,2824975
2025-06-20 13:40:00+00:00,326.61199951171875,329.1600036621094,325.5,328.6499938964844,2271893
2025-06-20 13:45:00+00:00,324.3699951171875,326.6899108886719,323.6199951171875,326.6899108886719,2499418
2025-06-20 13:50:00+00:00,325.1499938964844,325.4599914550781,323.2532043457031,324.3869934082031,2173627
2025-06-20 13:55:00+00:00,324.4700012207031,325.90289306640625,324.260009765625,325.1000061035156,1544778
2025-06-20 14:00:00+00:00,323.6600036621094,324.9700012207031,323.0199890136719,324.4100036621094,1823714
2025-06-20 14:05:00+00:00,321.81500244140625,324.0799865722656,321.7771911621094,323.70001220703125,1850648
2025-06-20 14:10:00+00:00,321.70001220703125,322.0299987792969,320.4137878417969,321.82000732421875,2338211
2025-06-20 14:15:00+00:00,322.23748779296875,322.7799987792969,321.55999755859375,321.70001220703125,1564095
2025-06-20 14:20:00+00:00,319.06549072265625,322.3399963378906,318.9200134277344,322.2200012207031,1972606
2025-06-20 14:25:00+00:00,320.193603515625,320.4307861328125,318.4200134277344,319.04998779296875,2125272
2025-06-20 14:30:00+00:00,319.5238037109375,320.2200012207031,319.32000732421875,320.1400146484375,1236456
2025-06-20 14:35:00+00:00,320.239990234375,321.0,319.3872985839844,319.5199890136719,1319193
2025-06-20 14:40:00+00:00,318.41009521484375,320.44000244140625,317.7799987792969,320.2200012207031,2113735
2025-06-20 14:45:00+00:00,319.25,319.6099853515625,318.04998779296875,318.510009765625,1240096
2025-06-20 14:50:00+00:00,318.739990234375,319.6099853515625,318.3999938964844,319.1199951171875,1170079
2025-06-20 14:55:00+00:00,319.4425048828125,320.0899963378906,318.3299865722656,318.7027893066406,1014040
2025-06-20 15:00:00+00:00,318.4200134277344,319.4200134277344,317.8500061035156,319.3900146484375,1134157
2025-06-20 15:05:00+00:00,318.8900146484375,319.20001220703125,318.2601013183594,318.4328918457031,851309
2025-06-20 15:10:00+00:00,320.45001220703125,320.57000732421875,318.8500061035156,318.9100036621094,1305410
2025-06-20 15:15:00+00:00,320.3913879394531,320.67999267578125,320.1499938964844,320.4200134277344,814149
2025-06-20 15:20:00+00:00,319.25,320.2699890136719,319.25,320.17999267578125,1445220
2025-06-20 15:25:00+00:00,319.7200012207031,320.04998779296875,319.07000732421875,319.2200012207031,749376
2025-06-20 15:30:00+00:00,320.8399963378906,320.9800109863281,319.8034973144531,319.8034973144531,850894
2025-06-20 15:35:00+00:00,321.8299865722656,322.0,320.6099853515625,320.864990234375,1148875
2025-06-20 15:40:00+00:00,322.05999755859375,322.5,321.7699890136719,321.82000732421875,1064827
2025-06-20 15:45:00+00:00,321.5199890136719,321.92999267578125,321.3800048828125,321.4493103027344,800274
2025-06-20 15:50:00+00:00,321.4236145019531,321.9495849609375,321.1900939941406,321.2568054199219,835997
2025-06-20 15:55:00+00:00,320.9440002441406,321.7499084472656,320.30999755859375,321.4599914550781,894754
2025-06-20 16:00:00+00:00,322.0111999511719,322.2900085449219,320.8599853515625,320.9800109863281,1162195
2025-06-20 16:05:00+00:00,321.75299072265625,322.2998046875,321.44000244140625,321.9800109863281,829082
2025-06-20 16:10:00+00:00,321.885009765625,322.1400146484375,321.6000061035156,321.7300109863281,496730
2025-06-20 16:15:00+00:00,322.4809875488281,322.731201171875,321.5516052246094,321.8800048828125,793106
2025-06-20 16:20:00+00:00,323.4200134277344,323.510986328125,322.2099914550781,322.4483947753906,1207437
2025-06-20 16:25:00+00:00,323.3450012207031,323.8500061035156,323.1099853515625,323.4200134277344,1221773
2025-06-20 16:30:00+00:00,323.94000244140625,324.1400146484375,323.2900085449219,323.3399963378906,804579
2025-06-20 16:35:00+00:00,324.2799987792969,324.55999755859375,323.79998779296875,323.9200134277344,900813
2025-06-20 16:40:00+00:00,324.4031982421875,324.67999267578125,323.8599853515625,324.29998779296875,812813
2025-06-20 16:45:00+00:00,324.6600036621094,325.07000732421875,324.1449890136719,324.3999938964844,1031858
2025-06-20 16:50:00+00:00,325.4740905761719,325.55999755859375,324.44000244140625,324.6940002441406,938091
2025-06-20 16:55:00+00:00,324.9501037597656,325.9200134277344,324.29998779296875,325.4549865722656,1457437
2025-06-20 17:00:00+00:00,323.8699951171875,324.9800109863281,323.739990234375,324.9307861328125,940765
2025-06-20 17:05:00+00:00,322.8500061035156,323.8800048828125,322.3500061035156,323.8599853515625,1147527
2025-06-20 17:10:00+00:00,324.0,324.19000244140625,322.6444091796875,322.909912109375,965770
2025-06-20 17:15:00+00:00,322.7283935546875,324.5,322.6000061035156,323.9599914550781,888040
2025-06-20 17:20:00+00:00,323.0141906738281,323.33990478515625,322.6099853515625,322.67999267578125,960350
2025-06-20 17:25:00+00:00,321.4800109863281,323.3493957519531,321.44000244140625,323.0450134277344,1010913
2025-06-20 17:30:00+00:00,320.7699890136719,321.5,320.3599853515625,321.4814147949219,1285732
2025-06-20 17:35:00+00:00,320.2799987792969,320.789306640625,319.70001220703125,320.71270751953125,974442
2025-06-20 17:40:00+00:00,320.656005859375,321.34210205078125,320.2799987792969,320.2850036621094,934896
2025-06-20 17:45:00+00:00,321.0299987792969,321.1199035644531,320.42999267578125,320.6426086425781,564269
2025-06-20 17:50:00+00:00,321.6412048339844,321.94000244140625,320.82000732421875,321.0899963378906,787682
2025-06-20 17:55:00+00:00,322.4100036621094,322.5295104980469,321.6199951171875,321.6199951171875,608434
2025-06-20 18:00:00+00:00,322.6400146484375,322.8599853515625,322.20001220703125,322.4200134277344,635316
2025-06-20 18:05:00+00:00,323.57501220703125,323.6099853515625,322.340087890625,322.66558837890625,731685
2025-06-20 18:10:00+00:00,322.8900146484375,323.7900085449219,322.42401123046875,323.57000732421875,1021311
2025-06-20 18:15:00+00:00,324.18121337890625,324.20001220703125,322.8999938964844,322.9200134277344,880828
2025-06-20 18:20:00+00:00,323.6593017578125,324.260009765625,323.5,324.2099914550781,640545
2025-06-20 18:25:00+00:00,323.3550109863281,324.0599060058594,323.0809020996094,323.598388671875,656560
2025-06-20 18:30:00+00:00,324.1449890136719,324.5299987792969,323.3306884765625,323.3599853515625,925614
2025-06-20 18:35:00+00:00,323.75738525390625,324.6300048828125,323.6000061035156,324.19989013671875,835483
2025-06-20 18:40:00+00:00,323.7799987792969,324.25,323.67999267578125,323.7749938964844,498643
2025-06-20 18:45:00+00:00,323.8616027832031,324.6499938964844,323.7023010253906,323.75,630978
2025-06-20 18:50:00+00:00,323.54998779296875,324.09991455078125,323.4200134277344,323.8550109863281,570148
2025-06-20 18:55:00+00:00,322.1983947753906,323.64990234375,321.8500061035156,323.57000732421875,1168280
2025-06-20 19:00:00+00:00,322.2300109863281,322.8500061035156,321.8699951171875,322.2286071777344,950692
2025-06-20 19:05:00+00:00,321.8399963378906,322.6697998046875,321.6700134277344,322.1600036621094,766320
2025-06-20 19:10:00+00:00,322.2099914550781,322.6199951171875,321.7659912109375,321.8384094238281,607958
2025-06-20 19:15:00+00:00,321.75,322.1991882324219,321.3999938964844,322.1300048828125,911253
2025-06-20 19:20:00+00:00,321.1698913574219,321.989990234375,320.7207946777344,321.739990234375,1087335
2025-06-20 19:25:00+00:00,321.2900085449219,321.69500732421875,320.9700927734375,321.1072082519531,638393
2025-06-20 19:30:00+00:00,321.8299865722656,322.42999267578125,321.28009033203125,321.28009033203125,943723
2025-06-20 19:35:00+00:00,321.6600036621094,322.3699951171875,321.5205993652344,321.8500061035156,631341
2025-06-20 19:40:00+00:00,321.54998779296875,322.05999755859375,321.489990234375,321.70001220703125,590375
2025-06-20 19:45:00+00:00,320.69500732421875,321.5892028808594,320.5799865722656,321.5400085449219,921786
2025-06-20 19:50:00+00:00,321.6332092285156,322.3399963378906,319.6300964355469,320.760009765625,2032285
2025-06-20 19:55:00+00:00,322.1700134277344,322.79998779296875,321.3599853515625,321.5899963378906,2782037
